-- --------------------------------------------------------
-- Host:                         127.0.0.1
-- Server version:               5.6.20 - Source distribution
-- Server OS:                    Linux
-- HeidiSQL Version:             9.5.0.5196
-- --------------------------------------------------------

/*!40101 SET @OLD_CHARACTER_SET_CLIENT=@@CHARACTER_SET_CLIENT */;
/*!40101 SET NAMES utf8 */;
/*!50503 SET NAMES utf8mb4 */;
/*!40014 SET @OLD_FOREIGN_KEY_CHECKS=@@FOREIGN_KEY_CHECKS, FOREIGN_KEY_CHECKS=0 */;
/*!40101 SET @OLD_SQL_MODE=@@SQL_MODE, SQL_MODE='NO_AUTO_VALUE_ON_ZERO' */;

-- Dumping structure for table jurnal_kelas.ci_session
CREATE TABLE IF NOT EXISTS `ci_session` (
  `id` varchar(40) NOT NULL,
  `ip_address` varchar(45) DEFAULT NULL,
  `timestamp` int(10) unsigned DEFAULT NULL,
  `data` blob,
  PRIMARY KEY (`id`),
  KEY `ci_sessions_timestamp` (`timestamp`)
) ENGINE=InnoDB DEFAULT CHARSET=latin1;

-- Dumping data for table jurnal_kelas.ci_session: ~5 rows (approximately)
DELETE FROM `ci_session`;
/*!40000 ALTER TABLE `ci_session` DISABLE KEYS */;
INSERT INTO `ci_session` (`id`, `ip_address`, `timestamp`, `data`) VALUES
	('6s0hm9jiq936m5lde2co6cg0g33m9q8e', '::1', 1587546498, _binary ''),
	('7r9kgh9fp22e6qfn7gb4s5vg9uqii46h', '::1', 1587534006, _binary 0x5F5F63695F6C6173745F726567656E65726174657C693A313538373533313839333B757365725F69647C733A313A2231223B757365725F757365726E616D657C733A353A2261646D696E223B757365725F6C6576656C7C733A353A2241444D494E223B),
	('a7oh02s2ee8n2gtotdg7ul3nlcc94da3', '::1', 1590937169, _binary 0x5F5F63695F6C6173745F726567656E65726174657C693A313539303933373033373B757365725F69647C733A313A2231223B757365725F757365726E616D657C733A353A2261646D696E223B757365725F6C6576656C7C733A353A2241444D494E223B),
	('fscfkj1ndl2jho8j7434j4nfg6q5u4cu', '::1', 1587531889, _binary 0x5F5F63695F6C6173745F726567656E65726174657C693A313538373532383038383B757365725F69647C733A313A2231223B757365725F757365726E616D657C733A353A2261646D696E223B757365725F6C6576656C7C733A353A2241444D494E223B),
	('jgthr5rrtr1dlsc4q2vkmth5bbojldk5', '::1', 1590937035, _binary 0x5F5F63695F6C6173745F726567656E65726174657C693A313539303933343930323B757365725F69647C733A313A2231223B757365725F757365726E616D657C733A353A2261646D696E223B757365725F6C6576656C7C733A353A2241444D494E223B);
/*!40000 ALTER TABLE `ci_session` ENABLE KEYS */;

-- Dumping structure for table jurnal_kelas.cronjob_status
CREATE TABLE IF NOT EXISTS `cronjob_status` (
  `id` int(11) NOT NULL AUTO_INCREMENT,
  `start_at` datetime DEFAULT '0000-00-00 00:00:00',
  `end_at` datetime DEFAULT '0000-00-00 00:00:00',
  `keterangan` text,
  PRIMARY KEY (`id`)
) ENGINE=InnoDB AUTO_INCREMENT=4 DEFAULT CHARSET=latin1;

-- Dumping data for table jurnal_kelas.cronjob_status: ~0 rows (approximately)
DELETE FROM `cronjob_status`;
/*!40000 ALTER TABLE `cronjob_status` DISABLE KEYS */;
INSERT INTO `cronjob_status` (`id`, `start_at`, `end_at`, `keterangan`) VALUES
	(2, '2020-04-09 13:16:03', '2020-04-09 13:16:03', '{\'CMD\':\'INSERT_JADWAL\',\'KELAS\':\'1\',\'JUMLAH_BARIS\':\'4\'},{\'CMD\':\'INSERT_JADWAL\',\'KELAS\':\'2\',\'JUMLAH_BARIS\':\'4\'}'),
	(3, '2020-04-22 00:04:50', '2020-04-22 00:04:50', '{\'CMD\':\'INSERT_JADWAL\',\'KELAS\':\'1\',\'JUMLAH_BARIS\':\'4\'},{\'CMD\':\'INSERT_JADWAL\',\'KELAS\':\'2\',\'JUMLAH_BARIS\':\'4\'}');
/*!40000 ALTER TABLE `cronjob_status` ENABLE KEYS */;

-- Dumping structure for table jurnal_kelas.dates
CREATE TABLE IF NOT EXISTS `dates` (
  `idDate` int(11) NOT NULL,
  `fulldate` date DEFAULT NULL,
  `year` int(11) DEFAULT NULL,
  `month` int(11) DEFAULT NULL,
  `day` int(11) DEFAULT NULL,
  `quarter` int(11) DEFAULT NULL,
  `week` int(11) DEFAULT NULL,
  `dayofweek` int(11) DEFAULT NULL,
  `update_at` datetime DEFAULT NULL,
  PRIMARY KEY (`idDate`),
  UNIQUE KEY `td_ymd_idx` (`year`,`month`,`day`),
  UNIQUE KEY `td_dbdate_idx` (`fulldate`)
) ENGINE=InnoDB DEFAULT CHARSET=latin1;

-- Dumping data for table jurnal_kelas.dates: ~731 rows (approximately)
DELETE FROM `dates`;
/*!40000 ALTER TABLE `dates` DISABLE KEYS */;
INSERT INTO `dates` (`idDate`, `fulldate`, `year`, `month`, `day`, `quarter`, `week`, `dayofweek`, `update_at`) VALUES
	(20200101, '2020-01-01', 2020, 1, 1, 1, 1, 3, NULL),
	(20200102, '2020-01-02', 2020, 1, 2, 1, 1, 4, NULL),
	(20200103, '2020-01-03', 2020, 1, 3, 1, 1, 5, NULL),
	(20200104, '2020-01-04', 2020, 1, 4, 1, 1, 6, NULL),
	(20200105, '2020-01-05', 2020, 1, 5, 1, 1, 7, NULL),
	(20200106, '2020-01-06', 2020, 1, 6, 1, 2, 1, NULL),
	(20200107, '2020-01-07', 2020, 1, 7, 1, 2, 2, NULL),
	(20200108, '2020-01-08', 2020, 1, 8, 1, 2, 3, NULL),
	(20200109, '2020-01-09', 2020, 1, 9, 1, 2, 4, NULL),
	(20200110, '2020-01-10', 2020, 1, 10, 1, 2, 5, NULL),
	(20200111, '2020-01-11', 2020, 1, 11, 1, 2, 6, NULL),
	(20200112, '2020-01-12', 2020, 1, 12, 1, 2, 7, NULL),
	(20200113, '2020-01-13', 2020, 1, 13, 1, 3, 1, NULL),
	(20200114, '2020-01-14', 2020, 1, 14, 1, 3, 2, NULL),
	(20200115, '2020-01-15', 2020, 1, 15, 1, 3, 3, NULL),
	(20200116, '2020-01-16', 2020, 1, 16, 1, 3, 4, NULL),
	(20200117, '2020-01-17', 2020, 1, 17, 1, 3, 5, NULL),
	(20200118, '2020-01-18', 2020, 1, 18, 1, 3, 6, NULL),
	(20200119, '2020-01-19', 2020, 1, 19, 1, 3, 7, NULL),
	(20200120, '2020-01-20', 2020, 1, 20, 1, 4, 1, NULL),
	(20200121, '2020-01-21', 2020, 1, 21, 1, 4, 2, NULL),
	(20200122, '2020-01-22', 2020, 1, 22, 1, 4, 3, NULL),
	(20200123, '2020-01-23', 2020, 1, 23, 1, 4, 4, NULL),
	(20200124, '2020-01-24', 2020, 1, 24, 1, 4, 5, NULL),
	(20200125, '2020-01-25', 2020, 1, 25, 1, 4, 6, NULL),
	(20200126, '2020-01-26', 2020, 1, 26, 1, 4, 7, NULL),
	(20200127, '2020-01-27', 2020, 1, 27, 1, 5, 1, NULL),
	(20200128, '2020-01-28', 2020, 1, 28, 1, 5, 2, NULL),
	(20200129, '2020-01-29', 2020, 1, 29, 1, 5, 3, NULL),
	(20200130, '2020-01-30', 2020, 1, 30, 1, 5, 4, NULL),
	(20200131, '2020-01-31', 2020, 1, 31, 1, 5, 5, NULL),
	(20200201, '2020-02-01', 2020, 2, 1, 1, 5, 6, NULL),
	(20200202, '2020-02-02', 2020, 2, 2, 1, 5, 7, NULL),
	(20200203, '2020-02-03', 2020, 2, 3, 1, 6, 1, NULL),
	(20200204, '2020-02-04', 2020, 2, 4, 1, 6, 2, NULL),
	(20200205, '2020-02-05', 2020, 2, 5, 1, 6, 3, NULL),
	(20200206, '2020-02-06', 2020, 2, 6, 1, 6, 4, NULL),
	(20200207, '2020-02-07', 2020, 2, 7, 1, 6, 5, NULL),
	(20200208, '2020-02-08', 2020, 2, 8, 1, 6, 6, NULL),
	(20200209, '2020-02-09', 2020, 2, 9, 1, 6, 7, NULL),
	(20200210, '2020-02-10', 2020, 2, 10, 1, 7, 1, NULL),
	(20200211, '2020-02-11', 2020, 2, 11, 1, 7, 2, NULL),
	(20200212, '2020-02-12', 2020, 2, 12, 1, 7, 3, NULL),
	(20200213, '2020-02-13', 2020, 2, 13, 1, 7, 4, NULL),
	(20200214, '2020-02-14', 2020, 2, 14, 1, 7, 5, NULL),
	(20200215, '2020-02-15', 2020, 2, 15, 1, 7, 6, NULL),
	(20200216, '2020-02-16', 2020, 2, 16, 1, 7, 7, NULL),
	(20200217, '2020-02-17', 2020, 2, 17, 1, 8, 1, NULL),
	(20200218, '2020-02-18', 2020, 2, 18, 1, 8, 2, NULL),
	(20200219, '2020-02-19', 2020, 2, 19, 1, 8, 3, NULL),
	(20200220, '2020-02-20', 2020, 2, 20, 1, 8, 4, NULL),
	(20200221, '2020-02-21', 2020, 2, 21, 1, 8, 5, NULL),
	(20200222, '2020-02-22', 2020, 2, 22, 1, 8, 6, NULL),
	(20200223, '2020-02-23', 2020, 2, 23, 1, 8, 7, NULL),
	(20200224, '2020-02-24', 2020, 2, 24, 1, 9, 1, NULL),
	(20200225, '2020-02-25', 2020, 2, 25, 1, 9, 2, NULL),
	(20200226, '2020-02-26', 2020, 2, 26, 1, 9, 3, NULL),
	(20200227, '2020-02-27', 2020, 2, 27, 1, 9, 4, NULL),
	(20200228, '2020-02-28', 2020, 2, 28, 1, 9, 5, NULL),
	(20200229, '2020-02-29', 2020, 2, 29, 1, 9, 6, NULL),
	(20200301, '2020-03-01', 2020, 3, 1, 1, 9, 7, NULL),
	(20200302, '2020-03-02', 2020, 3, 2, 1, 10, 1, NULL),
	(20200303, '2020-03-03', 2020, 3, 3, 1, 10, 2, NULL),
	(20200304, '2020-03-04', 2020, 3, 4, 1, 10, 3, NULL),
	(20200305, '2020-03-05', 2020, 3, 5, 1, 10, 4, NULL),
	(20200306, '2020-03-06', 2020, 3, 6, 1, 10, 5, NULL),
	(20200307, '2020-03-07', 2020, 3, 7, 1, 10, 6, NULL),
	(20200308, '2020-03-08', 2020, 3, 8, 1, 10, 7, NULL),
	(20200309, '2020-03-09', 2020, 3, 9, 1, 11, 1, NULL),
	(20200310, '2020-03-10', 2020, 3, 10, 1, 11, 2, NULL),
	(20200311, '2020-03-11', 2020, 3, 11, 1, 11, 3, NULL),
	(20200312, '2020-03-12', 2020, 3, 12, 1, 11, 4, NULL),
	(20200313, '2020-03-13', 2020, 3, 13, 1, 11, 5, NULL),
	(20200314, '2020-03-14', 2020, 3, 14, 1, 11, 6, NULL),
	(20200315, '2020-03-15', 2020, 3, 15, 1, 11, 7, NULL),
	(20200316, '2020-03-16', 2020, 3, 16, 1, 12, 1, NULL),
	(20200317, '2020-03-17', 2020, 3, 17, 1, 12, 2, NULL),
	(20200318, '2020-03-18', 2020, 3, 18, 1, 12, 3, NULL),
	(20200319, '2020-03-19', 2020, 3, 19, 1, 12, 4, NULL),
	(20200320, '2020-03-20', 2020, 3, 20, 1, 12, 5, NULL),
	(20200321, '2020-03-21', 2020, 3, 21, 1, 12, 6, NULL),
	(20200322, '2020-03-22', 2020, 3, 22, 1, 12, 7, NULL),
	(20200323, '2020-03-23', 2020, 3, 23, 1, 13, 1, NULL),
	(20200324, '2020-03-24', 2020, 3, 24, 1, 13, 2, NULL),
	(20200325, '2020-03-25', 2020, 3, 25, 1, 13, 3, NULL),
	(20200326, '2020-03-26', 2020, 3, 26, 1, 13, 4, NULL),
	(20200327, '2020-03-27', 2020, 3, 27, 1, 13, 5, NULL),
	(20200328, '2020-03-28', 2020, 3, 28, 1, 13, 6, NULL),
	(20200329, '2020-03-29', 2020, 3, 29, 1, 13, 7, NULL),
	(20200330, '2020-03-30', 2020, 3, 30, 1, 14, 1, NULL),
	(20200331, '2020-03-31', 2020, 3, 31, 1, 14, 2, NULL),
	(20200401, '2020-04-01', 2020, 4, 1, 2, 14, 3, NULL),
	(20200402, '2020-04-02', 2020, 4, 2, 2, 14, 4, NULL),
	(20200403, '2020-04-03', 2020, 4, 3, 2, 14, 5, NULL),
	(20200404, '2020-04-04', 2020, 4, 4, 2, 14, 6, NULL),
	(20200405, '2020-04-05', 2020, 4, 5, 2, 14, 7, NULL),
	(20200406, '2020-04-06', 2020, 4, 6, 2, 15, 1, NULL),
	(20200407, '2020-04-07', 2020, 4, 7, 2, 15, 2, NULL),
	(20200408, '2020-04-08', 2020, 4, 8, 2, 15, 3, NULL),
	(20200409, '2020-04-09', 2020, 4, 9, 2, 15, 4, NULL),
	(20200410, '2020-04-10', 2020, 4, 10, 2, 15, 5, NULL),
	(20200411, '2020-04-11', 2020, 4, 11, 2, 15, 6, NULL),
	(20200412, '2020-04-12', 2020, 4, 12, 2, 15, 7, NULL),
	(20200413, '2020-04-13', 2020, 4, 13, 2, 16, 1, NULL),
	(20200414, '2020-04-14', 2020, 4, 14, 2, 16, 2, NULL),
	(20200415, '2020-04-15', 2020, 4, 15, 2, 16, 3, NULL),
	(20200416, '2020-04-16', 2020, 4, 16, 2, 16, 4, NULL),
	(20200417, '2020-04-17', 2020, 4, 17, 2, 16, 5, NULL),
	(20200418, '2020-04-18', 2020, 4, 18, 2, 16, 6, NULL),
	(20200419, '2020-04-19', 2020, 4, 19, 2, 16, 7, NULL),
	(20200420, '2020-04-20', 2020, 4, 20, 2, 17, 1, NULL),
	(20200421, '2020-04-21', 2020, 4, 21, 2, 17, 2, NULL),
	(20200422, '2020-04-22', 2020, 4, 22, 2, 17, 3, NULL),
	(20200423, '2020-04-23', 2020, 4, 23, 2, 17, 4, NULL),
	(20200424, '2020-04-24', 2020, 4, 24, 2, 17, 5, NULL),
	(20200425, '2020-04-25', 2020, 4, 25, 2, 17, 6, NULL),
	(20200426, '2020-04-26', 2020, 4, 26, 2, 17, 7, NULL),
	(20200427, '2020-04-27', 2020, 4, 27, 2, 18, 1, NULL),
	(20200428, '2020-04-28', 2020, 4, 28, 2, 18, 2, NULL),
	(20200429, '2020-04-29', 2020, 4, 29, 2, 18, 3, NULL),
	(20200430, '2020-04-30', 2020, 4, 30, 2, 18, 4, NULL),
	(20200501, '2020-05-01', 2020, 5, 1, 2, 18, 5, NULL),
	(20200502, '2020-05-02', 2020, 5, 2, 2, 18, 6, NULL),
	(20200503, '2020-05-03', 2020, 5, 3, 2, 18, 7, NULL),
	(20200504, '2020-05-04', 2020, 5, 4, 2, 19, 1, NULL),
	(20200505, '2020-05-05', 2020, 5, 5, 2, 19, 2, NULL),
	(20200506, '2020-05-06', 2020, 5, 6, 2, 19, 3, NULL),
	(20200507, '2020-05-07', 2020, 5, 7, 2, 19, 4, NULL),
	(20200508, '2020-05-08', 2020, 5, 8, 2, 19, 5, NULL),
	(20200509, '2020-05-09', 2020, 5, 9, 2, 19, 6, NULL),
	(20200510, '2020-05-10', 2020, 5, 10, 2, 19, 7, NULL),
	(20200511, '2020-05-11', 2020, 5, 11, 2, 20, 1, NULL),
	(20200512, '2020-05-12', 2020, 5, 12, 2, 20, 2, NULL),
	(20200513, '2020-05-13', 2020, 5, 13, 2, 20, 3, NULL),
	(20200514, '2020-05-14', 2020, 5, 14, 2, 20, 4, NULL),
	(20200515, '2020-05-15', 2020, 5, 15, 2, 20, 5, NULL),
	(20200516, '2020-05-16', 2020, 5, 16, 2, 20, 6, NULL),
	(20200517, '2020-05-17', 2020, 5, 17, 2, 20, 7, NULL),
	(20200518, '2020-05-18', 2020, 5, 18, 2, 21, 1, NULL),
	(20200519, '2020-05-19', 2020, 5, 19, 2, 21, 2, NULL),
	(20200520, '2020-05-20', 2020, 5, 20, 2, 21, 3, NULL),
	(20200521, '2020-05-21', 2020, 5, 21, 2, 21, 4, NULL),
	(20200522, '2020-05-22', 2020, 5, 22, 2, 21, 5, NULL),
	(20200523, '2020-05-23', 2020, 5, 23, 2, 21, 6, NULL),
	(20200524, '2020-05-24', 2020, 5, 24, 2, 21, 7, NULL),
	(20200525, '2020-05-25', 2020, 5, 25, 2, 22, 1, NULL),
	(20200526, '2020-05-26', 2020, 5, 26, 2, 22, 2, NULL),
	(20200527, '2020-05-27', 2020, 5, 27, 2, 22, 3, NULL),
	(20200528, '2020-05-28', 2020, 5, 28, 2, 22, 4, NULL),
	(20200529, '2020-05-29', 2020, 5, 29, 2, 22, 5, NULL),
	(20200530, '2020-05-30', 2020, 5, 30, 2, 22, 6, NULL),
	(20200531, '2020-05-31', 2020, 5, 31, 2, 22, 7, NULL),
	(20200601, '2020-06-01', 2020, 6, 1, 2, 23, 1, NULL),
	(20200602, '2020-06-02', 2020, 6, 2, 2, 23, 2, NULL),
	(20200603, '2020-06-03', 2020, 6, 3, 2, 23, 3, NULL),
	(20200604, '2020-06-04', 2020, 6, 4, 2, 23, 4, NULL),
	(20200605, '2020-06-05', 2020, 6, 5, 2, 23, 5, NULL),
	(20200606, '2020-06-06', 2020, 6, 6, 2, 23, 6, NULL),
	(20200607, '2020-06-07', 2020, 6, 7, 2, 23, 7, NULL),
	(20200608, '2020-06-08', 2020, 6, 8, 2, 24, 1, NULL),
	(20200609, '2020-06-09', 2020, 6, 9, 2, 24, 2, NULL),
	(20200610, '2020-06-10', 2020, 6, 10, 2, 24, 3, NULL),
	(20200611, '2020-06-11', 2020, 6, 11, 2, 24, 4, NULL),
	(20200612, '2020-06-12', 2020, 6, 12, 2, 24, 5, NULL),
	(20200613, '2020-06-13', 2020, 6, 13, 2, 24, 6, NULL),
	(20200614, '2020-06-14', 2020, 6, 14, 2, 24, 7, NULL),
	(20200615, '2020-06-15', 2020, 6, 15, 2, 25, 1, NULL),
	(20200616, '2020-06-16', 2020, 6, 16, 2, 25, 2, NULL),
	(20200617, '2020-06-17', 2020, 6, 17, 2, 25, 3, NULL),
	(20200618, '2020-06-18', 2020, 6, 18, 2, 25, 4, NULL),
	(20200619, '2020-06-19', 2020, 6, 19, 2, 25, 5, NULL),
	(20200620, '2020-06-20', 2020, 6, 20, 2, 25, 6, NULL),
	(20200621, '2020-06-21', 2020, 6, 21, 2, 25, 7, NULL),
	(20200622, '2020-06-22', 2020, 6, 22, 2, 26, 1, NULL),
	(20200623, '2020-06-23', 2020, 6, 23, 2, 26, 2, NULL),
	(20200624, '2020-06-24', 2020, 6, 24, 2, 26, 3, NULL),
	(20200625, '2020-06-25', 2020, 6, 25, 2, 26, 4, NULL),
	(20200626, '2020-06-26', 2020, 6, 26, 2, 26, 5, NULL),
	(20200627, '2020-06-27', 2020, 6, 27, 2, 26, 6, NULL),
	(20200628, '2020-06-28', 2020, 6, 28, 2, 26, 7, NULL),
	(20200629, '2020-06-29', 2020, 6, 29, 2, 27, 1, NULL),
	(20200630, '2020-06-30', 2020, 6, 30, 2, 27, 2, NULL),
	(20200701, '2020-07-01', 2020, 7, 1, 3, 27, 3, NULL),
	(20200702, '2020-07-02', 2020, 7, 2, 3, 27, 4, NULL),
	(20200703, '2020-07-03', 2020, 7, 3, 3, 27, 5, NULL),
	(20200704, '2020-07-04', 2020, 7, 4, 3, 27, 6, NULL),
	(20200705, '2020-07-05', 2020, 7, 5, 3, 27, 7, NULL),
	(20200706, '2020-07-06', 2020, 7, 6, 3, 28, 1, NULL),
	(20200707, '2020-07-07', 2020, 7, 7, 3, 28, 2, NULL),
	(20200708, '2020-07-08', 2020, 7, 8, 3, 28, 3, NULL),
	(20200709, '2020-07-09', 2020, 7, 9, 3, 28, 4, NULL),
	(20200710, '2020-07-10', 2020, 7, 10, 3, 28, 5, NULL),
	(20200711, '2020-07-11', 2020, 7, 11, 3, 28, 6, NULL),
	(20200712, '2020-07-12', 2020, 7, 12, 3, 28, 7, NULL),
	(20200713, '2020-07-13', 2020, 7, 13, 3, 29, 1, NULL),
	(20200714, '2020-07-14', 2020, 7, 14, 3, 29, 2, NULL),
	(20200715, '2020-07-15', 2020, 7, 15, 3, 29, 3, NULL),
	(20200716, '2020-07-16', 2020, 7, 16, 3, 29, 4, NULL),
	(20200717, '2020-07-17', 2020, 7, 17, 3, 29, 5, NULL),
	(20200718, '2020-07-18', 2020, 7, 18, 3, 29, 6, NULL),
	(20200719, '2020-07-19', 2020, 7, 19, 3, 29, 7, NULL),
	(20200720, '2020-07-20', 2020, 7, 20, 3, 30, 1, NULL),
	(20200721, '2020-07-21', 2020, 7, 21, 3, 30, 2, NULL),
	(20200722, '2020-07-22', 2020, 7, 22, 3, 30, 3, NULL),
	(20200723, '2020-07-23', 2020, 7, 23, 3, 30, 4, NULL),
	(20200724, '2020-07-24', 2020, 7, 24, 3, 30, 5, NULL),
	(20200725, '2020-07-25', 2020, 7, 25, 3, 30, 6, NULL),
	(20200726, '2020-07-26', 2020, 7, 26, 3, 30, 7, NULL),
	(20200727, '2020-07-27', 2020, 7, 27, 3, 31, 1, NULL),
	(20200728, '2020-07-28', 2020, 7, 28, 3, 31, 2, NULL),
	(20200729, '2020-07-29', 2020, 7, 29, 3, 31, 3, NULL),
	(20200730, '2020-07-30', 2020, 7, 30, 3, 31, 4, NULL),
	(20200731, '2020-07-31', 2020, 7, 31, 3, 31, 5, NULL),
	(20200801, '2020-08-01', 2020, 8, 1, 3, 31, 6, NULL),
	(20200802, '2020-08-02', 2020, 8, 2, 3, 31, 7, NULL),
	(20200803, '2020-08-03', 2020, 8, 3, 3, 32, 1, NULL),
	(20200804, '2020-08-04', 2020, 8, 4, 3, 32, 2, NULL),
	(20200805, '2020-08-05', 2020, 8, 5, 3, 32, 3, NULL),
	(20200806, '2020-08-06', 2020, 8, 6, 3, 32, 4, NULL),
	(20200807, '2020-08-07', 2020, 8, 7, 3, 32, 5, NULL),
	(20200808, '2020-08-08', 2020, 8, 8, 3, 32, 6, NULL),
	(20200809, '2020-08-09', 2020, 8, 9, 3, 32, 7, NULL),
	(20200810, '2020-08-10', 2020, 8, 10, 3, 33, 1, NULL),
	(20200811, '2020-08-11', 2020, 8, 11, 3, 33, 2, NULL),
	(20200812, '2020-08-12', 2020, 8, 12, 3, 33, 3, NULL),
	(20200813, '2020-08-13', 2020, 8, 13, 3, 33, 4, NULL),
	(20200814, '2020-08-14', 2020, 8, 14, 3, 33, 5, NULL),
	(20200815, '2020-08-15', 2020, 8, 15, 3, 33, 6, NULL),
	(20200816, '2020-08-16', 2020, 8, 16, 3, 33, 7, NULL),
	(20200817, '2020-08-17', 2020, 8, 17, 3, 34, 1, NULL),
	(20200818, '2020-08-18', 2020, 8, 18, 3, 34, 2, NULL),
	(20200819, '2020-08-19', 2020, 8, 19, 3, 34, 3, NULL),
	(20200820, '2020-08-20', 2020, 8, 20, 3, 34, 4, NULL),
	(20200821, '2020-08-21', 2020, 8, 21, 3, 34, 5, NULL),
	(20200822, '2020-08-22', 2020, 8, 22, 3, 34, 6, NULL),
	(20200823, '2020-08-23', 2020, 8, 23, 3, 34, 7, NULL),
	(20200824, '2020-08-24', 2020, 8, 24, 3, 35, 1, NULL),
	(20200825, '2020-08-25', 2020, 8, 25, 3, 35, 2, NULL),
	(20200826, '2020-08-26', 2020, 8, 26, 3, 35, 3, NULL),
	(20200827, '2020-08-27', 2020, 8, 27, 3, 35, 4, NULL),
	(20200828, '2020-08-28', 2020, 8, 28, 3, 35, 5, NULL),
	(20200829, '2020-08-29', 2020, 8, 29, 3, 35, 6, NULL),
	(20200830, '2020-08-30', 2020, 8, 30, 3, 35, 7, NULL),
	(20200831, '2020-08-31', 2020, 8, 31, 3, 36, 1, NULL),
	(20200901, '2020-09-01', 2020, 9, 1, 3, 36, 2, NULL),
	(20200902, '2020-09-02', 2020, 9, 2, 3, 36, 3, NULL),
	(20200903, '2020-09-03', 2020, 9, 3, 3, 36, 4, NULL),
	(20200904, '2020-09-04', 2020, 9, 4, 3, 36, 5, NULL),
	(20200905, '2020-09-05', 2020, 9, 5, 3, 36, 6, NULL),
	(20200906, '2020-09-06', 2020, 9, 6, 3, 36, 7, NULL),
	(20200907, '2020-09-07', 2020, 9, 7, 3, 37, 1, NULL),
	(20200908, '2020-09-08', 2020, 9, 8, 3, 37, 2, NULL),
	(20200909, '2020-09-09', 2020, 9, 9, 3, 37, 3, NULL),
	(20200910, '2020-09-10', 2020, 9, 10, 3, 37, 4, NULL),
	(20200911, '2020-09-11', 2020, 9, 11, 3, 37, 5, NULL),
	(20200912, '2020-09-12', 2020, 9, 12, 3, 37, 6, NULL),
	(20200913, '2020-09-13', 2020, 9, 13, 3, 37, 7, NULL),
	(20200914, '2020-09-14', 2020, 9, 14, 3, 38, 1, NULL),
	(20200915, '2020-09-15', 2020, 9, 15, 3, 38, 2, NULL),
	(20200916, '2020-09-16', 2020, 9, 16, 3, 38, 3, NULL),
	(20200917, '2020-09-17', 2020, 9, 17, 3, 38, 4, NULL),
	(20200918, '2020-09-18', 2020, 9, 18, 3, 38, 5, NULL),
	(20200919, '2020-09-19', 2020, 9, 19, 3, 38, 6, NULL),
	(20200920, '2020-09-20', 2020, 9, 20, 3, 38, 7, NULL),
	(20200921, '2020-09-21', 2020, 9, 21, 3, 39, 1, NULL),
	(20200922, '2020-09-22', 2020, 9, 22, 3, 39, 2, NULL),
	(20200923, '2020-09-23', 2020, 9, 23, 3, 39, 3, NULL),
	(20200924, '2020-09-24', 2020, 9, 24, 3, 39, 4, NULL),
	(20200925, '2020-09-25', 2020, 9, 25, 3, 39, 5, NULL),
	(20200926, '2020-09-26', 2020, 9, 26, 3, 39, 6, NULL),
	(20200927, '2020-09-27', 2020, 9, 27, 3, 39, 7, NULL),
	(20200928, '2020-09-28', 2020, 9, 28, 3, 40, 1, NULL),
	(20200929, '2020-09-29', 2020, 9, 29, 3, 40, 2, NULL),
	(20200930, '2020-09-30', 2020, 9, 30, 3, 40, 3, NULL),
	(20201001, '2020-10-01', 2020, 10, 1, 4, 40, 4, NULL),
	(20201002, '2020-10-02', 2020, 10, 2, 4, 40, 5, NULL),
	(20201003, '2020-10-03', 2020, 10, 3, 4, 40, 6, NULL),
	(20201004, '2020-10-04', 2020, 10, 4, 4, 40, 7, NULL),
	(20201005, '2020-10-05', 2020, 10, 5, 4, 41, 1, NULL),
	(20201006, '2020-10-06', 2020, 10, 6, 4, 41, 2, NULL),
	(20201007, '2020-10-07', 2020, 10, 7, 4, 41, 3, NULL),
	(20201008, '2020-10-08', 2020, 10, 8, 4, 41, 4, NULL),
	(20201009, '2020-10-09', 2020, 10, 9, 4, 41, 5, NULL),
	(20201010, '2020-10-10', 2020, 10, 10, 4, 41, 6, NULL),
	(20201011, '2020-10-11', 2020, 10, 11, 4, 41, 7, NULL),
	(20201012, '2020-10-12', 2020, 10, 12, 4, 42, 1, NULL),
	(20201013, '2020-10-13', 2020, 10, 13, 4, 42, 2, NULL),
	(20201014, '2020-10-14', 2020, 10, 14, 4, 42, 3, NULL),
	(20201015, '2020-10-15', 2020, 10, 15, 4, 42, 4, NULL),
	(20201016, '2020-10-16', 2020, 10, 16, 4, 42, 5, NULL),
	(20201017, '2020-10-17', 2020, 10, 17, 4, 42, 6, NULL),
	(20201018, '2020-10-18', 2020, 10, 18, 4, 42, 7, NULL),
	(20201019, '2020-10-19', 2020, 10, 19, 4, 43, 1, NULL),
	(20201020, '2020-10-20', 2020, 10, 20, 4, 43, 2, NULL),
	(20201021, '2020-10-21', 2020, 10, 21, 4, 43, 3, NULL),
	(20201022, '2020-10-22', 2020, 10, 22, 4, 43, 4, NULL),
	(20201023, '2020-10-23', 2020, 10, 23, 4, 43, 5, NULL),
	(20201024, '2020-10-24', 2020, 10, 24, 4, 43, 6, NULL),
	(20201025, '2020-10-25', 2020, 10, 25, 4, 43, 7, NULL),
	(20201026, '2020-10-26', 2020, 10, 26, 4, 44, 1, NULL),
	(20201027, '2020-10-27', 2020, 10, 27, 4, 44, 2, NULL),
	(20201028, '2020-10-28', 2020, 10, 28, 4, 44, 3, NULL),
	(20201029, '2020-10-29', 2020, 10, 29, 4, 44, 4, NULL),
	(20201030, '2020-10-30', 2020, 10, 30, 4, 44, 5, NULL),
	(20201031, '2020-10-31', 2020, 10, 31, 4, 44, 6, NULL),
	(20201101, '2020-11-01', 2020, 11, 1, 4, 44, 7, NULL),
	(20201102, '2020-11-02', 2020, 11, 2, 4, 45, 1, NULL),
	(20201103, '2020-11-03', 2020, 11, 3, 4, 45, 2, NULL),
	(20201104, '2020-11-04', 2020, 11, 4, 4, 45, 3, NULL),
	(20201105, '2020-11-05', 2020, 11, 5, 4, 45, 4, NULL),
	(20201106, '2020-11-06', 2020, 11, 6, 4, 45, 5, NULL),
	(20201107, '2020-11-07', 2020, 11, 7, 4, 45, 6, NULL),
	(20201108, '2020-11-08', 2020, 11, 8, 4, 45, 7, NULL),
	(20201109, '2020-11-09', 2020, 11, 9, 4, 46, 1, NULL),
	(20201110, '2020-11-10', 2020, 11, 10, 4, 46, 2, NULL),
	(20201111, '2020-11-11', 2020, 11, 11, 4, 46, 3, NULL),
	(20201112, '2020-11-12', 2020, 11, 12, 4, 46, 4, NULL),
	(20201113, '2020-11-13', 2020, 11, 13, 4, 46, 5, NULL),
	(20201114, '2020-11-14', 2020, 11, 14, 4, 46, 6, NULL),
	(20201115, '2020-11-15', 2020, 11, 15, 4, 46, 7, NULL),
	(20201116, '2020-11-16', 2020, 11, 16, 4, 47, 1, NULL),
	(20201117, '2020-11-17', 2020, 11, 17, 4, 47, 2, NULL),
	(20201118, '2020-11-18', 2020, 11, 18, 4, 47, 3, NULL),
	(20201119, '2020-11-19', 2020, 11, 19, 4, 47, 4, NULL),
	(20201120, '2020-11-20', 2020, 11, 20, 4, 47, 5, NULL),
	(20201121, '2020-11-21', 2020, 11, 21, 4, 47, 6, NULL),
	(20201122, '2020-11-22', 2020, 11, 22, 4, 47, 7, NULL),
	(20201123, '2020-11-23', 2020, 11, 23, 4, 48, 1, NULL),
	(20201124, '2020-11-24', 2020, 11, 24, 4, 48, 2, NULL),
	(20201125, '2020-11-25', 2020, 11, 25, 4, 48, 3, NULL),
	(20201126, '2020-11-26', 2020, 11, 26, 4, 48, 4, NULL),
	(20201127, '2020-11-27', 2020, 11, 27, 4, 48, 5, NULL),
	(20201128, '2020-11-28', 2020, 11, 28, 4, 48, 6, NULL),
	(20201129, '2020-11-29', 2020, 11, 29, 4, 48, 7, NULL),
	(20201130, '2020-11-30', 2020, 11, 30, 4, 49, 1, NULL),
	(20201201, '2020-12-01', 2020, 12, 1, 4, 49, 2, NULL),
	(20201202, '2020-12-02', 2020, 12, 2, 4, 49, 3, NULL),
	(20201203, '2020-12-03', 2020, 12, 3, 4, 49, 4, NULL),
	(20201204, '2020-12-04', 2020, 12, 4, 4, 49, 5, NULL),
	(20201205, '2020-12-05', 2020, 12, 5, 4, 49, 6, NULL),
	(20201206, '2020-12-06', 2020, 12, 6, 4, 49, 7, NULL),
	(20201207, '2020-12-07', 2020, 12, 7, 4, 50, 1, NULL),
	(20201208, '2020-12-08', 2020, 12, 8, 4, 50, 2, NULL),
	(20201209, '2020-12-09', 2020, 12, 9, 4, 50, 3, NULL),
	(20201210, '2020-12-10', 2020, 12, 10, 4, 50, 4, NULL),
	(20201211, '2020-12-11', 2020, 12, 11, 4, 50, 5, NULL),
	(20201212, '2020-12-12', 2020, 12, 12, 4, 50, 6, NULL),
	(20201213, '2020-12-13', 2020, 12, 13, 4, 50, 7, NULL),
	(20201214, '2020-12-14', 2020, 12, 14, 4, 51, 1, NULL),
	(20201215, '2020-12-15', 2020, 12, 15, 4, 51, 2, NULL),
	(20201216, '2020-12-16', 2020, 12, 16, 4, 51, 3, NULL),
	(20201217, '2020-12-17', 2020, 12, 17, 4, 51, 4, NULL),
	(20201218, '2020-12-18', 2020, 12, 18, 4, 51, 5, NULL),
	(20201219, '2020-12-19', 2020, 12, 19, 4, 51, 6, NULL),
	(20201220, '2020-12-20', 2020, 12, 20, 4, 51, 7, NULL),
	(20201221, '2020-12-21', 2020, 12, 21, 4, 52, 1, NULL),
	(20201222, '2020-12-22', 2020, 12, 22, 4, 52, 2, NULL),
	(20201223, '2020-12-23', 2020, 12, 23, 4, 52, 3, NULL),
	(20201224, '2020-12-24', 2020, 12, 24, 4, 52, 4, NULL),
	(20201225, '2020-12-25', 2020, 12, 25, 4, 52, 5, NULL),
	(20201226, '2020-12-26', 2020, 12, 26, 4, 52, 6, NULL),
	(20201227, '2020-12-27', 2020, 12, 27, 4, 52, 7, NULL),
	(20201228, '2020-12-28', 2020, 12, 28, 4, 53, 1, NULL),
	(20201229, '2020-12-29', 2020, 12, 29, 4, 53, 2, NULL),
	(20201230, '2020-12-30', 2020, 12, 30, 4, 53, 3, NULL),
	(20201231, '2020-12-31', 2020, 12, 31, 4, 53, 4, NULL),
	(20210101, '2021-01-01', 2021, 1, 1, 1, 53, 5, NULL),
	(20210102, '2021-01-02', 2021, 1, 2, 1, 53, 6, NULL),
	(20210103, '2021-01-03', 2021, 1, 3, 1, 53, 7, NULL),
	(20210104, '2021-01-04', 2021, 1, 4, 1, 1, 1, NULL),
	(20210105, '2021-01-05', 2021, 1, 5, 1, 1, 2, NULL),
	(20210106, '2021-01-06', 2021, 1, 6, 1, 1, 3, NULL),
	(20210107, '2021-01-07', 2021, 1, 7, 1, 1, 4, NULL),
	(20210108, '2021-01-08', 2021, 1, 8, 1, 1, 5, NULL),
	(20210109, '2021-01-09', 2021, 1, 9, 1, 1, 6, NULL),
	(20210110, '2021-01-10', 2021, 1, 10, 1, 1, 7, NULL),
	(20210111, '2021-01-11', 2021, 1, 11, 1, 2, 1, NULL),
	(20210112, '2021-01-12', 2021, 1, 12, 1, 2, 2, NULL),
	(20210113, '2021-01-13', 2021, 1, 13, 1, 2, 3, NULL),
	(20210114, '2021-01-14', 2021, 1, 14, 1, 2, 4, NULL),
	(20210115, '2021-01-15', 2021, 1, 15, 1, 2, 5, NULL),
	(20210116, '2021-01-16', 2021, 1, 16, 1, 2, 6, NULL),
	(20210117, '2021-01-17', 2021, 1, 17, 1, 2, 7, NULL),
	(20210118, '2021-01-18', 2021, 1, 18, 1, 3, 1, NULL),
	(20210119, '2021-01-19', 2021, 1, 19, 1, 3, 2, NULL),
	(20210120, '2021-01-20', 2021, 1, 20, 1, 3, 3, NULL),
	(20210121, '2021-01-21', 2021, 1, 21, 1, 3, 4, NULL),
	(20210122, '2021-01-22', 2021, 1, 22, 1, 3, 5, NULL),
	(20210123, '2021-01-23', 2021, 1, 23, 1, 3, 6, NULL),
	(20210124, '2021-01-24', 2021, 1, 24, 1, 3, 7, NULL),
	(20210125, '2021-01-25', 2021, 1, 25, 1, 4, 1, NULL),
	(20210126, '2021-01-26', 2021, 1, 26, 1, 4, 2, NULL),
	(20210127, '2021-01-27', 2021, 1, 27, 1, 4, 3, NULL),
	(20210128, '2021-01-28', 2021, 1, 28, 1, 4, 4, NULL),
	(20210129, '2021-01-29', 2021, 1, 29, 1, 4, 5, NULL),
	(20210130, '2021-01-30', 2021, 1, 30, 1, 4, 6, NULL),
	(20210131, '2021-01-31', 2021, 1, 31, 1, 4, 7, NULL),
	(20210201, '2021-02-01', 2021, 2, 1, 1, 5, 1, NULL),
	(20210202, '2021-02-02', 2021, 2, 2, 1, 5, 2, NULL),
	(20210203, '2021-02-03', 2021, 2, 3, 1, 5, 3, NULL),
	(20210204, '2021-02-04', 2021, 2, 4, 1, 5, 4, NULL),
	(20210205, '2021-02-05', 2021, 2, 5, 1, 5, 5, NULL),
	(20210206, '2021-02-06', 2021, 2, 6, 1, 5, 6, NULL),
	(20210207, '2021-02-07', 2021, 2, 7, 1, 5, 7, NULL),
	(20210208, '2021-02-08', 2021, 2, 8, 1, 6, 1, NULL),
	(20210209, '2021-02-09', 2021, 2, 9, 1, 6, 2, NULL),
	(20210210, '2021-02-10', 2021, 2, 10, 1, 6, 3, NULL),
	(20210211, '2021-02-11', 2021, 2, 11, 1, 6, 4, NULL),
	(20210212, '2021-02-12', 2021, 2, 12, 1, 6, 5, NULL),
	(20210213, '2021-02-13', 2021, 2, 13, 1, 6, 6, NULL),
	(20210214, '2021-02-14', 2021, 2, 14, 1, 6, 7, NULL),
	(20210215, '2021-02-15', 2021, 2, 15, 1, 7, 1, NULL),
	(20210216, '2021-02-16', 2021, 2, 16, 1, 7, 2, NULL),
	(20210217, '2021-02-17', 2021, 2, 17, 1, 7, 3, NULL),
	(20210218, '2021-02-18', 2021, 2, 18, 1, 7, 4, NULL),
	(20210219, '2021-02-19', 2021, 2, 19, 1, 7, 5, NULL),
	(20210220, '2021-02-20', 2021, 2, 20, 1, 7, 6, NULL),
	(20210221, '2021-02-21', 2021, 2, 21, 1, 7, 7, NULL),
	(20210222, '2021-02-22', 2021, 2, 22, 1, 8, 1, NULL),
	(20210223, '2021-02-23', 2021, 2, 23, 1, 8, 2, NULL),
	(20210224, '2021-02-24', 2021, 2, 24, 1, 8, 3, NULL),
	(20210225, '2021-02-25', 2021, 2, 25, 1, 8, 4, NULL),
	(20210226, '2021-02-26', 2021, 2, 26, 1, 8, 5, NULL),
	(20210227, '2021-02-27', 2021, 2, 27, 1, 8, 6, NULL),
	(20210228, '2021-02-28', 2021, 2, 28, 1, 8, 7, NULL),
	(20210301, '2021-03-01', 2021, 3, 1, 1, 9, 1, NULL),
	(20210302, '2021-03-02', 2021, 3, 2, 1, 9, 2, NULL),
	(20210303, '2021-03-03', 2021, 3, 3, 1, 9, 3, NULL),
	(20210304, '2021-03-04', 2021, 3, 4, 1, 9, 4, NULL),
	(20210305, '2021-03-05', 2021, 3, 5, 1, 9, 5, NULL),
	(20210306, '2021-03-06', 2021, 3, 6, 1, 9, 6, NULL),
	(20210307, '2021-03-07', 2021, 3, 7, 1, 9, 7, NULL),
	(20210308, '2021-03-08', 2021, 3, 8, 1, 10, 1, NULL),
	(20210309, '2021-03-09', 2021, 3, 9, 1, 10, 2, NULL),
	(20210310, '2021-03-10', 2021, 3, 10, 1, 10, 3, NULL),
	(20210311, '2021-03-11', 2021, 3, 11, 1, 10, 4, NULL),
	(20210312, '2021-03-12', 2021, 3, 12, 1, 10, 5, NULL),
	(20210313, '2021-03-13', 2021, 3, 13, 1, 10, 6, NULL),
	(20210314, '2021-03-14', 2021, 3, 14, 1, 10, 7, NULL),
	(20210315, '2021-03-15', 2021, 3, 15, 1, 11, 1, NULL),
	(20210316, '2021-03-16', 2021, 3, 16, 1, 11, 2, NULL),
	(20210317, '2021-03-17', 2021, 3, 17, 1, 11, 3, NULL),
	(20210318, '2021-03-18', 2021, 3, 18, 1, 11, 4, NULL),
	(20210319, '2021-03-19', 2021, 3, 19, 1, 11, 5, NULL),
	(20210320, '2021-03-20', 2021, 3, 20, 1, 11, 6, NULL),
	(20210321, '2021-03-21', 2021, 3, 21, 1, 11, 7, NULL),
	(20210322, '2021-03-22', 2021, 3, 22, 1, 12, 1, NULL),
	(20210323, '2021-03-23', 2021, 3, 23, 1, 12, 2, NULL),
	(20210324, '2021-03-24', 2021, 3, 24, 1, 12, 3, NULL),
	(20210325, '2021-03-25', 2021, 3, 25, 1, 12, 4, NULL),
	(20210326, '2021-03-26', 2021, 3, 26, 1, 12, 5, NULL),
	(20210327, '2021-03-27', 2021, 3, 27, 1, 12, 6, NULL),
	(20210328, '2021-03-28', 2021, 3, 28, 1, 12, 7, NULL),
	(20210329, '2021-03-29', 2021, 3, 29, 1, 13, 1, NULL),
	(20210330, '2021-03-30', 2021, 3, 30, 1, 13, 2, NULL),
	(20210331, '2021-03-31', 2021, 3, 31, 1, 13, 3, NULL),
	(20210401, '2021-04-01', 2021, 4, 1, 2, 13, 4, NULL),
	(20210402, '2021-04-02', 2021, 4, 2, 2, 13, 5, NULL),
	(20210403, '2021-04-03', 2021, 4, 3, 2, 13, 6, NULL),
	(20210404, '2021-04-04', 2021, 4, 4, 2, 13, 7, NULL),
	(20210405, '2021-04-05', 2021, 4, 5, 2, 14, 1, NULL),
	(20210406, '2021-04-06', 2021, 4, 6, 2, 14, 2, NULL),
	(20210407, '2021-04-07', 2021, 4, 7, 2, 14, 3, NULL),
	(20210408, '2021-04-08', 2021, 4, 8, 2, 14, 4, NULL),
	(20210409, '2021-04-09', 2021, 4, 9, 2, 14, 5, NULL),
	(20210410, '2021-04-10', 2021, 4, 10, 2, 14, 6, NULL),
	(20210411, '2021-04-11', 2021, 4, 11, 2, 14, 7, NULL),
	(20210412, '2021-04-12', 2021, 4, 12, 2, 15, 1, NULL),
	(20210413, '2021-04-13', 2021, 4, 13, 2, 15, 2, NULL),
	(20210414, '2021-04-14', 2021, 4, 14, 2, 15, 3, NULL),
	(20210415, '2021-04-15', 2021, 4, 15, 2, 15, 4, NULL),
	(20210416, '2021-04-16', 2021, 4, 16, 2, 15, 5, NULL),
	(20210417, '2021-04-17', 2021, 4, 17, 2, 15, 6, NULL),
	(20210418, '2021-04-18', 2021, 4, 18, 2, 15, 7, NULL),
	(20210419, '2021-04-19', 2021, 4, 19, 2, 16, 1, NULL),
	(20210420, '2021-04-20', 2021, 4, 20, 2, 16, 2, NULL),
	(20210421, '2021-04-21', 2021, 4, 21, 2, 16, 3, NULL),
	(20210422, '2021-04-22', 2021, 4, 22, 2, 16, 4, NULL),
	(20210423, '2021-04-23', 2021, 4, 23, 2, 16, 5, NULL),
	(20210424, '2021-04-24', 2021, 4, 24, 2, 16, 6, NULL),
	(20210425, '2021-04-25', 2021, 4, 25, 2, 16, 7, NULL),
	(20210426, '2021-04-26', 2021, 4, 26, 2, 17, 1, NULL),
	(20210427, '2021-04-27', 2021, 4, 27, 2, 17, 2, NULL),
	(20210428, '2021-04-28', 2021, 4, 28, 2, 17, 3, NULL),
	(20210429, '2021-04-29', 2021, 4, 29, 2, 17, 4, NULL),
	(20210430, '2021-04-30', 2021, 4, 30, 2, 17, 5, NULL),
	(20210501, '2021-05-01', 2021, 5, 1, 2, 17, 6, NULL),
	(20210502, '2021-05-02', 2021, 5, 2, 2, 17, 7, NULL),
	(20210503, '2021-05-03', 2021, 5, 3, 2, 18, 1, NULL),
	(20210504, '2021-05-04', 2021, 5, 4, 2, 18, 2, NULL),
	(20210505, '2021-05-05', 2021, 5, 5, 2, 18, 3, NULL),
	(20210506, '2021-05-06', 2021, 5, 6, 2, 18, 4, NULL),
	(20210507, '2021-05-07', 2021, 5, 7, 2, 18, 5, NULL),
	(20210508, '2021-05-08', 2021, 5, 8, 2, 18, 6, NULL),
	(20210509, '2021-05-09', 2021, 5, 9, 2, 18, 7, NULL),
	(20210510, '2021-05-10', 2021, 5, 10, 2, 19, 1, NULL),
	(20210511, '2021-05-11', 2021, 5, 11, 2, 19, 2, NULL),
	(20210512, '2021-05-12', 2021, 5, 12, 2, 19, 3, NULL),
	(20210513, '2021-05-13', 2021, 5, 13, 2, 19, 4, NULL),
	(20210514, '2021-05-14', 2021, 5, 14, 2, 19, 5, NULL),
	(20210515, '2021-05-15', 2021, 5, 15, 2, 19, 6, NULL),
	(20210516, '2021-05-16', 2021, 5, 16, 2, 19, 7, NULL),
	(20210517, '2021-05-17', 2021, 5, 17, 2, 20, 1, NULL),
	(20210518, '2021-05-18', 2021, 5, 18, 2, 20, 2, NULL),
	(20210519, '2021-05-19', 2021, 5, 19, 2, 20, 3, NULL),
	(20210520, '2021-05-20', 2021, 5, 20, 2, 20, 4, NULL),
	(20210521, '2021-05-21', 2021, 5, 21, 2, 20, 5, NULL),
	(20210522, '2021-05-22', 2021, 5, 22, 2, 20, 6, NULL),
	(20210523, '2021-05-23', 2021, 5, 23, 2, 20, 7, NULL),
	(20210524, '2021-05-24', 2021, 5, 24, 2, 21, 1, NULL),
	(20210525, '2021-05-25', 2021, 5, 25, 2, 21, 2, NULL),
	(20210526, '2021-05-26', 2021, 5, 26, 2, 21, 3, NULL),
	(20210527, '2021-05-27', 2021, 5, 27, 2, 21, 4, NULL),
	(20210528, '2021-05-28', 2021, 5, 28, 2, 21, 5, NULL),
	(20210529, '2021-05-29', 2021, 5, 29, 2, 21, 6, NULL),
	(20210530, '2021-05-30', 2021, 5, 30, 2, 21, 7, NULL),
	(20210531, '2021-05-31', 2021, 5, 31, 2, 22, 1, NULL),
	(20210601, '2021-06-01', 2021, 6, 1, 2, 22, 2, NULL),
	(20210602, '2021-06-02', 2021, 6, 2, 2, 22, 3, NULL),
	(20210603, '2021-06-03', 2021, 6, 3, 2, 22, 4, NULL),
	(20210604, '2021-06-04', 2021, 6, 4, 2, 22, 5, NULL),
	(20210605, '2021-06-05', 2021, 6, 5, 2, 22, 6, NULL),
	(20210606, '2021-06-06', 2021, 6, 6, 2, 22, 7, NULL),
	(20210607, '2021-06-07', 2021, 6, 7, 2, 23, 1, NULL),
	(20210608, '2021-06-08', 2021, 6, 8, 2, 23, 2, NULL),
	(20210609, '2021-06-09', 2021, 6, 9, 2, 23, 3, NULL),
	(20210610, '2021-06-10', 2021, 6, 10, 2, 23, 4, NULL),
	(20210611, '2021-06-11', 2021, 6, 11, 2, 23, 5, NULL),
	(20210612, '2021-06-12', 2021, 6, 12, 2, 23, 6, NULL),
	(20210613, '2021-06-13', 2021, 6, 13, 2, 23, 7, NULL),
	(20210614, '2021-06-14', 2021, 6, 14, 2, 24, 1, NULL),
	(20210615, '2021-06-15', 2021, 6, 15, 2, 24, 2, NULL),
	(20210616, '2021-06-16', 2021, 6, 16, 2, 24, 3, NULL),
	(20210617, '2021-06-17', 2021, 6, 17, 2, 24, 4, NULL),
	(20210618, '2021-06-18', 2021, 6, 18, 2, 24, 5, NULL),
	(20210619, '2021-06-19', 2021, 6, 19, 2, 24, 6, NULL),
	(20210620, '2021-06-20', 2021, 6, 20, 2, 24, 7, NULL),
	(20210621, '2021-06-21', 2021, 6, 21, 2, 25, 1, NULL),
	(20210622, '2021-06-22', 2021, 6, 22, 2, 25, 2, NULL),
	(20210623, '2021-06-23', 2021, 6, 23, 2, 25, 3, NULL),
	(20210624, '2021-06-24', 2021, 6, 24, 2, 25, 4, NULL),
	(20210625, '2021-06-25', 2021, 6, 25, 2, 25, 5, NULL),
	(20210626, '2021-06-26', 2021, 6, 26, 2, 25, 6, NULL),
	(20210627, '2021-06-27', 2021, 6, 27, 2, 25, 7, NULL),
	(20210628, '2021-06-28', 2021, 6, 28, 2, 26, 1, NULL),
	(20210629, '2021-06-29', 2021, 6, 29, 2, 26, 2, NULL),
	(20210630, '2021-06-30', 2021, 6, 30, 2, 26, 3, NULL),
	(20210701, '2021-07-01', 2021, 7, 1, 3, 26, 4, NULL),
	(20210702, '2021-07-02', 2021, 7, 2, 3, 26, 5, NULL),
	(20210703, '2021-07-03', 2021, 7, 3, 3, 26, 6, NULL),
	(20210704, '2021-07-04', 2021, 7, 4, 3, 26, 7, NULL),
	(20210705, '2021-07-05', 2021, 7, 5, 3, 27, 1, NULL),
	(20210706, '2021-07-06', 2021, 7, 6, 3, 27, 2, NULL),
	(20210707, '2021-07-07', 2021, 7, 7, 3, 27, 3, NULL),
	(20210708, '2021-07-08', 2021, 7, 8, 3, 27, 4, NULL),
	(20210709, '2021-07-09', 2021, 7, 9, 3, 27, 5, NULL),
	(20210710, '2021-07-10', 2021, 7, 10, 3, 27, 6, NULL),
	(20210711, '2021-07-11', 2021, 7, 11, 3, 27, 7, NULL),
	(20210712, '2021-07-12', 2021, 7, 12, 3, 28, 1, NULL),
	(20210713, '2021-07-13', 2021, 7, 13, 3, 28, 2, NULL),
	(20210714, '2021-07-14', 2021, 7, 14, 3, 28, 3, NULL),
	(20210715, '2021-07-15', 2021, 7, 15, 3, 28, 4, NULL),
	(20210716, '2021-07-16', 2021, 7, 16, 3, 28, 5, NULL),
	(20210717, '2021-07-17', 2021, 7, 17, 3, 28, 6, NULL),
	(20210718, '2021-07-18', 2021, 7, 18, 3, 28, 7, NULL),
	(20210719, '2021-07-19', 2021, 7, 19, 3, 29, 1, NULL),
	(20210720, '2021-07-20', 2021, 7, 20, 3, 29, 2, NULL),
	(20210721, '2021-07-21', 2021, 7, 21, 3, 29, 3, NULL),
	(20210722, '2021-07-22', 2021, 7, 22, 3, 29, 4, NULL),
	(20210723, '2021-07-23', 2021, 7, 23, 3, 29, 5, NULL),
	(20210724, '2021-07-24', 2021, 7, 24, 3, 29, 6, NULL),
	(20210725, '2021-07-25', 2021, 7, 25, 3, 29, 7, NULL),
	(20210726, '2021-07-26', 2021, 7, 26, 3, 30, 1, NULL),
	(20210727, '2021-07-27', 2021, 7, 27, 3, 30, 2, NULL),
	(20210728, '2021-07-28', 2021, 7, 28, 3, 30, 3, NULL),
	(20210729, '2021-07-29', 2021, 7, 29, 3, 30, 4, NULL),
	(20210730, '2021-07-30', 2021, 7, 30, 3, 30, 5, NULL),
	(20210731, '2021-07-31', 2021, 7, 31, 3, 30, 6, NULL),
	(20210801, '2021-08-01', 2021, 8, 1, 3, 30, 7, NULL),
	(20210802, '2021-08-02', 2021, 8, 2, 3, 31, 1, NULL),
	(20210803, '2021-08-03', 2021, 8, 3, 3, 31, 2, NULL),
	(20210804, '2021-08-04', 2021, 8, 4, 3, 31, 3, NULL),
	(20210805, '2021-08-05', 2021, 8, 5, 3, 31, 4, NULL),
	(20210806, '2021-08-06', 2021, 8, 6, 3, 31, 5, NULL),
	(20210807, '2021-08-07', 2021, 8, 7, 3, 31, 6, NULL),
	(20210808, '2021-08-08', 2021, 8, 8, 3, 31, 7, NULL),
	(20210809, '2021-08-09', 2021, 8, 9, 3, 32, 1, NULL),
	(20210810, '2021-08-10', 2021, 8, 10, 3, 32, 2, NULL),
	(20210811, '2021-08-11', 2021, 8, 11, 3, 32, 3, NULL),
	(20210812, '2021-08-12', 2021, 8, 12, 3, 32, 4, NULL),
	(20210813, '2021-08-13', 2021, 8, 13, 3, 32, 5, NULL),
	(20210814, '2021-08-14', 2021, 8, 14, 3, 32, 6, NULL),
	(20210815, '2021-08-15', 2021, 8, 15, 3, 32, 7, NULL),
	(20210816, '2021-08-16', 2021, 8, 16, 3, 33, 1, NULL),
	(20210817, '2021-08-17', 2021, 8, 17, 3, 33, 2, NULL),
	(20210818, '2021-08-18', 2021, 8, 18, 3, 33, 3, NULL),
	(20210819, '2021-08-19', 2021, 8, 19, 3, 33, 4, NULL),
	(20210820, '2021-08-20', 2021, 8, 20, 3, 33, 5, NULL),
	(20210821, '2021-08-21', 2021, 8, 21, 3, 33, 6, NULL),
	(20210822, '2021-08-22', 2021, 8, 22, 3, 33, 7, NULL),
	(20210823, '2021-08-23', 2021, 8, 23, 3, 34, 1, NULL),
	(20210824, '2021-08-24', 2021, 8, 24, 3, 34, 2, NULL),
	(20210825, '2021-08-25', 2021, 8, 25, 3, 34, 3, NULL),
	(20210826, '2021-08-26', 2021, 8, 26, 3, 34, 4, NULL),
	(20210827, '2021-08-27', 2021, 8, 27, 3, 34, 5, NULL),
	(20210828, '2021-08-28', 2021, 8, 28, 3, 34, 6, NULL),
	(20210829, '2021-08-29', 2021, 8, 29, 3, 34, 7, NULL),
	(20210830, '2021-08-30', 2021, 8, 30, 3, 35, 1, NULL),
	(20210831, '2021-08-31', 2021, 8, 31, 3, 35, 2, NULL),
	(20210901, '2021-09-01', 2021, 9, 1, 3, 35, 3, NULL),
	(20210902, '2021-09-02', 2021, 9, 2, 3, 35, 4, NULL),
	(20210903, '2021-09-03', 2021, 9, 3, 3, 35, 5, NULL),
	(20210904, '2021-09-04', 2021, 9, 4, 3, 35, 6, NULL),
	(20210905, '2021-09-05', 2021, 9, 5, 3, 35, 7, NULL),
	(20210906, '2021-09-06', 2021, 9, 6, 3, 36, 1, NULL),
	(20210907, '2021-09-07', 2021, 9, 7, 3, 36, 2, NULL),
	(20210908, '2021-09-08', 2021, 9, 8, 3, 36, 3, NULL),
	(20210909, '2021-09-09', 2021, 9, 9, 3, 36, 4, NULL),
	(20210910, '2021-09-10', 2021, 9, 10, 3, 36, 5, NULL),
	(20210911, '2021-09-11', 2021, 9, 11, 3, 36, 6, NULL),
	(20210912, '2021-09-12', 2021, 9, 12, 3, 36, 7, NULL),
	(20210913, '2021-09-13', 2021, 9, 13, 3, 37, 1, NULL),
	(20210914, '2021-09-14', 2021, 9, 14, 3, 37, 2, NULL),
	(20210915, '2021-09-15', 2021, 9, 15, 3, 37, 3, NULL),
	(20210916, '2021-09-16', 2021, 9, 16, 3, 37, 4, NULL),
	(20210917, '2021-09-17', 2021, 9, 17, 3, 37, 5, NULL),
	(20210918, '2021-09-18', 2021, 9, 18, 3, 37, 6, NULL),
	(20210919, '2021-09-19', 2021, 9, 19, 3, 37, 7, NULL),
	(20210920, '2021-09-20', 2021, 9, 20, 3, 38, 1, NULL),
	(20210921, '2021-09-21', 2021, 9, 21, 3, 38, 2, NULL),
	(20210922, '2021-09-22', 2021, 9, 22, 3, 38, 3, NULL),
	(20210923, '2021-09-23', 2021, 9, 23, 3, 38, 4, NULL),
	(20210924, '2021-09-24', 2021, 9, 24, 3, 38, 5, NULL),
	(20210925, '2021-09-25', 2021, 9, 25, 3, 38, 6, NULL),
	(20210926, '2021-09-26', 2021, 9, 26, 3, 38, 7, NULL),
	(20210927, '2021-09-27', 2021, 9, 27, 3, 39, 1, NULL),
	(20210928, '2021-09-28', 2021, 9, 28, 3, 39, 2, NULL),
	(20210929, '2021-09-29', 2021, 9, 29, 3, 39, 3, NULL),
	(20210930, '2021-09-30', 2021, 9, 30, 3, 39, 4, NULL),
	(20211001, '2021-10-01', 2021, 10, 1, 4, 39, 5, NULL),
	(20211002, '2021-10-02', 2021, 10, 2, 4, 39, 6, NULL),
	(20211003, '2021-10-03', 2021, 10, 3, 4, 39, 7, NULL),
	(20211004, '2021-10-04', 2021, 10, 4, 4, 40, 1, NULL),
	(20211005, '2021-10-05', 2021, 10, 5, 4, 40, 2, NULL),
	(20211006, '2021-10-06', 2021, 10, 6, 4, 40, 3, NULL),
	(20211007, '2021-10-07', 2021, 10, 7, 4, 40, 4, NULL),
	(20211008, '2021-10-08', 2021, 10, 8, 4, 40, 5, NULL),
	(20211009, '2021-10-09', 2021, 10, 9, 4, 40, 6, NULL),
	(20211010, '2021-10-10', 2021, 10, 10, 4, 40, 7, NULL),
	(20211011, '2021-10-11', 2021, 10, 11, 4, 41, 1, NULL),
	(20211012, '2021-10-12', 2021, 10, 12, 4, 41, 2, NULL),
	(20211013, '2021-10-13', 2021, 10, 13, 4, 41, 3, NULL),
	(20211014, '2021-10-14', 2021, 10, 14, 4, 41, 4, NULL),
	(20211015, '2021-10-15', 2021, 10, 15, 4, 41, 5, NULL),
	(20211016, '2021-10-16', 2021, 10, 16, 4, 41, 6, NULL),
	(20211017, '2021-10-17', 2021, 10, 17, 4, 41, 7, NULL),
	(20211018, '2021-10-18', 2021, 10, 18, 4, 42, 1, NULL),
	(20211019, '2021-10-19', 2021, 10, 19, 4, 42, 2, NULL),
	(20211020, '2021-10-20', 2021, 10, 20, 4, 42, 3, NULL),
	(20211021, '2021-10-21', 2021, 10, 21, 4, 42, 4, NULL),
	(20211022, '2021-10-22', 2021, 10, 22, 4, 42, 5, NULL),
	(20211023, '2021-10-23', 2021, 10, 23, 4, 42, 6, NULL),
	(20211024, '2021-10-24', 2021, 10, 24, 4, 42, 7, NULL),
	(20211025, '2021-10-25', 2021, 10, 25, 4, 43, 1, NULL),
	(20211026, '2021-10-26', 2021, 10, 26, 4, 43, 2, NULL),
	(20211027, '2021-10-27', 2021, 10, 27, 4, 43, 3, NULL),
	(20211028, '2021-10-28', 2021, 10, 28, 4, 43, 4, NULL),
	(20211029, '2021-10-29', 2021, 10, 29, 4, 43, 5, NULL),
	(20211030, '2021-10-30', 2021, 10, 30, 4, 43, 6, NULL),
	(20211031, '2021-10-31', 2021, 10, 31, 4, 43, 7, NULL),
	(20211101, '2021-11-01', 2021, 11, 1, 4, 44, 1, NULL),
	(20211102, '2021-11-02', 2021, 11, 2, 4, 44, 2, NULL),
	(20211103, '2021-11-03', 2021, 11, 3, 4, 44, 3, NULL),
	(20211104, '2021-11-04', 2021, 11, 4, 4, 44, 4, NULL),
	(20211105, '2021-11-05', 2021, 11, 5, 4, 44, 5, NULL),
	(20211106, '2021-11-06', 2021, 11, 6, 4, 44, 6, NULL),
	(20211107, '2021-11-07', 2021, 11, 7, 4, 44, 7, NULL),
	(20211108, '2021-11-08', 2021, 11, 8, 4, 45, 1, NULL),
	(20211109, '2021-11-09', 2021, 11, 9, 4, 45, 2, NULL),
	(20211110, '2021-11-10', 2021, 11, 10, 4, 45, 3, NULL),
	(20211111, '2021-11-11', 2021, 11, 11, 4, 45, 4, NULL),
	(20211112, '2021-11-12', 2021, 11, 12, 4, 45, 5, NULL),
	(20211113, '2021-11-13', 2021, 11, 13, 4, 45, 6, NULL),
	(20211114, '2021-11-14', 2021, 11, 14, 4, 45, 7, NULL),
	(20211115, '2021-11-15', 2021, 11, 15, 4, 46, 1, NULL),
	(20211116, '2021-11-16', 2021, 11, 16, 4, 46, 2, NULL),
	(20211117, '2021-11-17', 2021, 11, 17, 4, 46, 3, NULL),
	(20211118, '2021-11-18', 2021, 11, 18, 4, 46, 4, NULL),
	(20211119, '2021-11-19', 2021, 11, 19, 4, 46, 5, NULL),
	(20211120, '2021-11-20', 2021, 11, 20, 4, 46, 6, NULL),
	(20211121, '2021-11-21', 2021, 11, 21, 4, 46, 7, NULL),
	(20211122, '2021-11-22', 2021, 11, 22, 4, 47, 1, NULL),
	(20211123, '2021-11-23', 2021, 11, 23, 4, 47, 2, NULL),
	(20211124, '2021-11-24', 2021, 11, 24, 4, 47, 3, NULL),
	(20211125, '2021-11-25', 2021, 11, 25, 4, 47, 4, NULL),
	(20211126, '2021-11-26', 2021, 11, 26, 4, 47, 5, NULL),
	(20211127, '2021-11-27', 2021, 11, 27, 4, 47, 6, NULL),
	(20211128, '2021-11-28', 2021, 11, 28, 4, 47, 7, NULL),
	(20211129, '2021-11-29', 2021, 11, 29, 4, 48, 1, NULL),
	(20211130, '2021-11-30', 2021, 11, 30, 4, 48, 2, NULL),
	(20211201, '2021-12-01', 2021, 12, 1, 4, 48, 3, NULL),
	(20211202, '2021-12-02', 2021, 12, 2, 4, 48, 4, NULL),
	(20211203, '2021-12-03', 2021, 12, 3, 4, 48, 5, NULL),
	(20211204, '2021-12-04', 2021, 12, 4, 4, 48, 6, NULL),
	(20211205, '2021-12-05', 2021, 12, 5, 4, 48, 7, NULL),
	(20211206, '2021-12-06', 2021, 12, 6, 4, 49, 1, NULL),
	(20211207, '2021-12-07', 2021, 12, 7, 4, 49, 2, NULL),
	(20211208, '2021-12-08', 2021, 12, 8, 4, 49, 3, NULL),
	(20211209, '2021-12-09', 2021, 12, 9, 4, 49, 4, NULL),
	(20211210, '2021-12-10', 2021, 12, 10, 4, 49, 5, NULL),
	(20211211, '2021-12-11', 2021, 12, 11, 4, 49, 6, NULL),
	(20211212, '2021-12-12', 2021, 12, 12, 4, 49, 7, NULL),
	(20211213, '2021-12-13', 2021, 12, 13, 4, 50, 1, NULL),
	(20211214, '2021-12-14', 2021, 12, 14, 4, 50, 2, NULL),
	(20211215, '2021-12-15', 2021, 12, 15, 4, 50, 3, NULL),
	(20211216, '2021-12-16', 2021, 12, 16, 4, 50, 4, NULL),
	(20211217, '2021-12-17', 2021, 12, 17, 4, 50, 5, NULL),
	(20211218, '2021-12-18', 2021, 12, 18, 4, 50, 6, NULL),
	(20211219, '2021-12-19', 2021, 12, 19, 4, 50, 7, NULL),
	(20211220, '2021-12-20', 2021, 12, 20, 4, 51, 1, NULL),
	(20211221, '2021-12-21', 2021, 12, 21, 4, 51, 2, NULL),
	(20211222, '2021-12-22', 2021, 12, 22, 4, 51, 3, NULL),
	(20211223, '2021-12-23', 2021, 12, 23, 4, 51, 4, NULL),
	(20211224, '2021-12-24', 2021, 12, 24, 4, 51, 5, NULL),
	(20211225, '2021-12-25', 2021, 12, 25, 4, 51, 6, NULL),
	(20211226, '2021-12-26', 2021, 12, 26, 4, 51, 7, NULL),
	(20211227, '2021-12-27', 2021, 12, 27, 4, 52, 1, NULL),
	(20211228, '2021-12-28', 2021, 12, 28, 4, 52, 2, NULL),
	(20211229, '2021-12-29', 2021, 12, 29, 4, 52, 3, NULL),
	(20211230, '2021-12-30', 2021, 12, 30, 4, 52, 4, NULL),
	(20211231, '2021-12-31', 2021, 12, 31, 4, 52, 5, NULL);
/*!40000 ALTER TABLE `dates` ENABLE KEYS */;

-- Dumping structure for procedure jurnal_kelas.fill_date
DELIMITER //
CREATE DEFINER=`root`@`localhost` PROCEDURE `fill_date`(
	IN `startdate` DATE,
	IN `stopdate` DATE







)
BEGIN DECLARE currentdate DATE;
SET 
  currentdate = startdate;
	WHILE currentdate <= stopdate DO 
		INSERT INTO dates 
		VALUES 
		  (
		    YEAR(currentdate)* 10000 + MONTH(currentdate)* 100 + DAY(currentdate), 
		    currentdate, 
		    YEAR(currentdate), 
		    MONTH(currentdate), 
		    DAY(currentdate), 
		    QUARTER(currentdate), 
		    WEEKOFYEAR(currentdate), 
		    CASE DAYOFWEEK(currentdate)-1 
			 	WHEN 0 THEN 7 
				ELSE  DAYOFWEEK(currentdate)-1 END,
				 update_at = NOW()
		  ) ON DUPLICATE KEY UPDATE update_at = NOW();
	SET 
	  currentdate = ADDDATE(currentdate, INTERVAL 1 DAY);
	END WHILE;
END//
DELIMITER ;

-- Dumping structure for table jurnal_kelas.hari_libur
CREATE TABLE IF NOT EXISTS `hari_libur` (
  `id` int(11) NOT NULL AUTO_INCREMENT,
  `tgl` date DEFAULT '0000-00-00',
  `keterangan` varchar(250) DEFAULT NULL,
  PRIMARY KEY (`id`)
) ENGINE=InnoDB AUTO_INCREMENT=21 DEFAULT CHARSET=latin1;

-- Dumping data for table jurnal_kelas.hari_libur: ~20 rows (approximately)
DELETE FROM `hari_libur`;
/*!40000 ALTER TABLE `hari_libur` DISABLE KEYS */;
INSERT INTO `hari_libur` (`id`, `tgl`, `keterangan`) VALUES
	(1, '2020-01-01', 'Tahun Baru 2020 Masehi '),
	(2, '2020-01-25', 'Tahun Baru Imlek 2571 Kongzili '),
	(3, '2020-03-22', 'Isra Mikraj Nabi Muhammad SAW'),
	(4, '2020-03-25', 'Hari Suci Nyepi Tahun Baru Saka 1942'),
	(5, '2020-04-10', 'Wafat Isa Al Masih'),
	(6, '2020-05-01', 'Hari Buruh Internasional'),
	(7, '2020-05-07', 'Hari Raya Waisak 2564'),
	(8, '2020-05-21', 'Kenaikan Isa Al Masih'),
	(9, '2020-05-22', '(Cuti bersama)'),
	(10, '2020-06-01', 'Hari Lahir Pancasila'),
	(11, '2020-07-31', 'Hari Raya Idul Adha 1441 Hijriyah'),
	(12, '2020-08-17', 'Hari Kemerdekaan RI'),
	(13, '2020-08-20', 'Tahun Baru Islam 1442 Hijriyah'),
	(14, '2020-10-29', 'Maulid Nabi Muhammad SAW'),
	(15, '2020-12-24', '(Cuti bersama)'),
	(16, '2020-05-25', 'Hari Raya Idul Fitri 1441 Hijriyah'),
	(17, '2020-05-24', '(Cuti bersama) '),
	(18, '2020-05-26', '(Cuti bersama)'),
	(19, '2020-05-27', '(Cuti bersama)'),
	(20, '2020-12-25', 'Hari Raya Natal');
/*!40000 ALTER TABLE `hari_libur` ENABLE KEYS */;

-- Dumping structure for table jurnal_kelas.jadwal_mengajar
CREATE TABLE IF NOT EXISTS `jadwal_mengajar` (
  `id` int(11) NOT NULL AUTO_INCREMENT,
  `hari` enum('SENIN','SELASA','RABU','KAMIS','JUMAT','SABTU') DEFAULT NULL,
  `matapelajaran_id` int(11) DEFAULT NULL,
  `pegawai_id` int(11) DEFAULT NULL,
  `jam` varchar(50) DEFAULT NULL,
  `kelas_id` int(11) DEFAULT NULL,
  PRIMARY KEY (`id`),
  UNIQUE KEY `hari_jam_mulai_jam_selesai_kelas_id` (`hari`,`jam`,`kelas_id`)
) ENGINE=InnoDB AUTO_INCREMENT=49 DEFAULT CHARSET=latin1 COMMENT='jadwal mengajar guru';

-- Dumping data for table jurnal_kelas.jadwal_mengajar: ~45 rows (approximately)
DELETE FROM `jadwal_mengajar`;
/*!40000 ALTER TABLE `jadwal_mengajar` DISABLE KEYS */;
INSERT INTO `jadwal_mengajar` (`id`, `hari`, `matapelajaran_id`, `pegawai_id`, `jam`, `kelas_id`) VALUES
	(3, 'SENIN', 1, 1, '1,2', 1),
	(4, 'SENIN', 2, 2, '3,4', 1),
	(5, 'SENIN', 3, 3, '5,6', 1),
	(6, 'SENIN', 4, 4, '7,8', 1),
	(7, 'SELASA', 5, 5, '1,2', 1),
	(8, 'SELASA', 3, 3, '3,4', 1),
	(9, 'SELASA', 6, 6, '5,6', 1),
	(10, 'SELASA', 1, 1, '7,8', 1),
	(11, 'RABU', 2, 2, '1,2', 1),
	(12, 'RABU', 4, 4, '3,4', 1),
	(13, 'RABU', 7, 7, '5,6', 1),
	(14, 'RABU', 3, 3, '7,8', 1),
	(15, 'KAMIS', 7, 7, '1,2', 1),
	(16, 'KAMIS', 2, 2, '3,4', 1),
	(17, 'KAMIS', 4, 4, '5,6', 1),
	(18, 'KAMIS', 1, 1, '7,8', 1),
	(19, 'JUMAT', 1, 1, '1,2', 1),
	(20, 'JUMAT', 7, 7, '3,4', 1),
	(21, 'SABTU', 5, 5, '1,2', 1),
	(22, 'SABTU', 3, 3, '3,4', 1),
	(23, 'SABTU', 6, 6, '5,6', 1),
	(24, 'SABTU', 8, 8, '7,8', 1),
	(25, 'SENIN', 1, 9, '1,2', 2),
	(26, 'SENIN', 2, 10, '3,4', 2),
	(27, 'SENIN', 3, 11, '5,6', 2),
	(28, 'SENIN', 4, 14, '7,8', 2),
	(29, 'SELASA', 5, 12, '1,2', 2),
	(30, 'SELASA', 3, 11, '3,4', 2),
	(31, 'SELASA', 6, 13, '5,6', 2),
	(32, 'SELASA', 1, 9, '7,8', 2),
	(33, 'RABU', 9, 15, '1,2', 2),
	(34, 'RABU', 7, 16, '3,4', 2),
	(35, 'RABU', 4, 14, '5,6', 2),
	(36, 'RABU', 1, 9, '7,8', 2),
	(37, 'KAMIS', 1, 9, '1,2', 2),
	(38, 'KAMIS', 8, 17, '3,4', 2),
	(39, 'KAMIS', 3, 11, '5,6', 2),
	(40, 'KAMIS', 2, 10, '7,8', 2),
	(41, 'JUMAT', 2, 10, '1,2', 2),
	(42, 'JUMAT', 1, 9, '3,4', 2),
	(43, 'SABTU', 5, 12, '1,2', 2),
	(44, 'SABTU', 3, 11, '3,4', 2),
	(45, 'SABTU', 6, 13, '5,6', 2),
	(46, 'SABTU', 8, 17, '7,8', 2),
	(48, 'SABTU', 6, 17, '7,9', 2);
/*!40000 ALTER TABLE `jadwal_mengajar` ENABLE KEYS */;

-- Dumping structure for table jurnal_kelas.jadwal_piket
CREATE TABLE IF NOT EXISTS `jadwal_piket` (
  `id` int(11) NOT NULL AUTO_INCREMENT,
  `hari` enum('SENIN','SELASA','RABU','KAMIS','JUMAT','SABTU') DEFAULT NULL,
  `pegawai_id` int(11) DEFAULT NULL,
  PRIMARY KEY (`id`)
) ENGINE=InnoDB DEFAULT CHARSET=latin1 COMMENT='jadwal piket guru';

-- Dumping data for table jurnal_kelas.jadwal_piket: ~0 rows (approximately)
DELETE FROM `jadwal_piket`;
/*!40000 ALTER TABLE `jadwal_piket` DISABLE KEYS */;
/*!40000 ALTER TABLE `jadwal_piket` ENABLE KEYS */;

-- Dumping structure for table jurnal_kelas.jam_aktif
CREATE TABLE IF NOT EXISTS `jam_aktif` (
  `id` int(11) NOT NULL AUTO_INCREMENT,
  `jam_ke` int(11) DEFAULT '0',
  `mulai` time DEFAULT '00:00:00',
  `selesai` time DEFAULT '00:00:00',
  PRIMARY KEY (`id`)
) ENGINE=InnoDB AUTO_INCREMENT=11 DEFAULT CHARSET=latin1;

-- Dumping data for table jurnal_kelas.jam_aktif: ~9 rows (approximately)
DELETE FROM `jam_aktif`;
/*!40000 ALTER TABLE `jam_aktif` DISABLE KEYS */;
INSERT INTO `jam_aktif` (`id`, `jam_ke`, `mulai`, `selesai`) VALUES
	(1, 1, '07:00:00', '07:40:00'),
	(2, 2, '07:40:00', '08:20:00'),
	(3, 3, '08:20:00', '09:00:00'),
	(4, 4, '09:00:00', '09:40:00'),
	(5, 5, '09:40:00', '10:20:00'),
	(6, 6, '10:40:00', '11:20:00'),
	(7, 7, '11:20:00', '12:00:00'),
	(8, 8, '12:00:00', '12:40:00'),
	(9, 9, '12:40:00', '13:20:00'),
	(10, 10, '13:20:00', '14:00:00');
/*!40000 ALTER TABLE `jam_aktif` ENABLE KEYS */;

-- Dumping structure for table jurnal_kelas.jurnal
CREATE TABLE IF NOT EXISTS `jurnal` (
  `id` int(11) NOT NULL AUTO_INCREMENT,
  `tanggal` date DEFAULT '0000-00-00',
  `jadwal_mengajar_id` int(11) DEFAULT '0',
  `status` enum('PENDING','HADIR','DIGANTIKAN','KOSONG') DEFAULT 'PENDING',
  `topik` varchar(250) DEFAULT NULL,
  `validasi` enum('Y','N') DEFAULT 'N',
  PRIMARY KEY (`id`)
) ENGINE=InnoDB AUTO_INCREMENT=53 DEFAULT CHARSET=latin1;

-- Dumping data for table jurnal_kelas.jurnal: ~52 rows (approximately)
DELETE FROM `jurnal`;
/*!40000 ALTER TABLE `jurnal` DISABLE KEYS */;
INSERT INTO `jurnal` (`id`, `tanggal`, `jadwal_mengajar_id`, `status`, `topik`, `validasi`) VALUES
	(1, '2020-04-06', 3, 'HADIR', 'Kalimat Pasif', 'N'),
	(2, '2020-04-06', 4, 'KOSONG', 'Algortima', 'N'),
	(3, '2020-04-06', 5, 'HADIR', 'Perang Dunia I', 'N'),
	(4, '2020-04-06', 6, 'HADIR', 'Grammar', 'N'),
	(5, '2020-04-06', 25, 'HADIR', NULL, 'N'),
	(6, '2020-04-06', 26, 'KOSONG', NULL, 'N'),
	(7, '2020-04-06', 27, 'HADIR', NULL, 'N'),
	(8, '2020-04-06', 28, 'HADIR', NULL, 'N'),
	(9, '2020-04-07', 7, 'HADIR', NULL, 'N'),
	(10, '2020-04-07', 8, 'HADIR', NULL, 'N'),
	(11, '2020-04-07', 9, 'KOSONG', NULL, 'N'),
	(12, '2020-04-07', 10, 'HADIR', NULL, 'N'),
	(13, '2020-04-07', 29, 'HADIR', NULL, 'N'),
	(14, '2020-04-07', 30, 'HADIR', NULL, 'N'),
	(15, '2020-04-07', 31, 'KOSONG', NULL, 'N'),
	(16, '2020-04-07', 32, 'HADIR', NULL, 'N'),
	(17, '2020-04-08', 11, 'HADIR', NULL, 'N'),
	(18, '2020-04-08', 12, 'HADIR', NULL, 'N'),
	(19, '2020-04-08', 13, 'HADIR', NULL, 'N'),
	(20, '2020-04-08', 14, 'KOSONG', NULL, 'N'),
	(21, '2020-04-08', 33, 'HADIR', NULL, 'N'),
	(22, '2020-04-08', 34, 'HADIR', NULL, 'N'),
	(23, '2020-04-08', 35, 'HADIR', NULL, 'N'),
	(24, '2020-04-08', 36, 'KOSONG', NULL, 'N'),
	(25, '2020-04-09', 15, 'HADIR', NULL, 'N'),
	(26, '2020-04-09', 16, 'HADIR', NULL, 'N'),
	(27, '2020-04-09', 17, 'HADIR', NULL, 'N'),
	(28, '2020-04-09', 18, 'HADIR', NULL, 'N'),
	(29, '2020-04-09', 37, 'HADIR', NULL, 'N'),
	(30, '2020-04-09', 38, 'HADIR', NULL, 'N'),
	(31, '2020-04-09', 39, 'HADIR', NULL, 'N'),
	(32, '2020-04-09', 40, 'HADIR', NULL, 'N'),
	(33, '2020-04-10', 19, 'HADIR', NULL, 'N'),
	(34, '2020-04-10', 20, 'HADIR', NULL, 'N'),
	(35, '2020-04-10', 41, 'HADIR', NULL, 'N'),
	(36, '2020-04-10', 42, 'HADIR', NULL, 'N'),
	(37, '2020-04-11', 21, 'HADIR', NULL, 'N'),
	(38, '2020-04-11', 22, 'HADIR', NULL, 'N'),
	(39, '2020-04-11', 23, 'HADIR', NULL, 'N'),
	(40, '2020-04-11', 24, 'HADIR', NULL, 'N'),
	(41, '2020-04-11', 43, 'HADIR', NULL, 'N'),
	(42, '2020-04-11', 44, 'HADIR', NULL, 'N'),
	(43, '2020-04-11', 45, 'HADIR', NULL, 'N'),
	(44, '2020-04-11', 46, 'HADIR', NULL, 'N'),
	(45, '2020-04-22', 11, 'PENDING', NULL, 'N'),
	(46, '2020-04-22', 12, 'PENDING', NULL, 'N'),
	(47, '2020-04-22', 13, 'PENDING', NULL, 'N'),
	(48, '2020-04-22', 14, 'PENDING', NULL, 'N'),
	(49, '2020-04-22', 33, 'PENDING', NULL, 'N'),
	(50, '2020-04-22', 34, 'PENDING', NULL, 'N'),
	(51, '2020-04-22', 35, 'PENDING', NULL, 'N'),
	(52, '2020-04-22', 36, 'PENDING', NULL, 'N');
/*!40000 ALTER TABLE `jurnal` ENABLE KEYS */;

-- Dumping structure for table jurnal_kelas.jurusan
CREATE TABLE IF NOT EXISTS `jurusan` (
  `id` int(11) NOT NULL AUTO_INCREMENT,
  `nama` varchar(50) DEFAULT NULL,
  PRIMARY KEY (`id`)
) ENGINE=InnoDB AUTO_INCREMENT=10 DEFAULT CHARSET=latin1;

-- Dumping data for table jurnal_kelas.jurusan: ~9 rows (approximately)
DELETE FROM `jurusan`;
/*!40000 ALTER TABLE `jurusan` DISABLE KEYS */;
INSERT INTO `jurusan` (`id`, `nama`) VALUES
	(1, 'Teknik Bangunan'),
	(2, 'Teknik Ketenagalistrikan'),
	(3, 'Teknik Mesin'),
	(4, 'Teknik Otomotif'),
	(5, 'Pelayaran'),
	(6, 'Teknik Elektronika'),
	(7, 'Teknik Komputer dan Informatika'),
	(8, 'Agribisnis Produksi Sumberdaya'),
	(9, 'Agribisnis Hasil Pertanian');
/*!40000 ALTER TABLE `jurusan` ENABLE KEYS */;

-- Dumping structure for table jurnal_kelas.kelas
CREATE TABLE IF NOT EXISTS `kelas` (
  `id` int(11) NOT NULL AUTO_INCREMENT,
  `jurusan_id` tinyint(4) DEFAULT NULL,
  `nama_kelas` varchar(50) DEFAULT NULL,
  PRIMARY KEY (`id`)
) ENGINE=InnoDB AUTO_INCREMENT=3 DEFAULT CHARSET=latin1;

-- Dumping data for table jurnal_kelas.kelas: ~2 rows (approximately)
DELETE FROM `kelas`;
/*!40000 ALTER TABLE `kelas` DISABLE KEYS */;
INSERT INTO `kelas` (`id`, `jurusan_id`, `nama_kelas`) VALUES
	(1, 1, 'Kelas A'),
	(2, 9, 'Kelas B');
/*!40000 ALTER TABLE `kelas` ENABLE KEYS */;

-- Dumping structure for table jurnal_kelas.matapelajaran
CREATE TABLE IF NOT EXISTS `matapelajaran` (
  `id` int(11) NOT NULL AUTO_INCREMENT,
  `nama` varchar(50) DEFAULT NULL,
  `logo` varchar(150) DEFAULT NULL,
  PRIMARY KEY (`id`)
) ENGINE=InnoDB AUTO_INCREMENT=10 DEFAULT CHARSET=latin1;

-- Dumping data for table jurnal_kelas.matapelajaran: ~9 rows (approximately)
DELETE FROM `matapelajaran`;
/*!40000 ALTER TABLE `matapelajaran` DISABLE KEYS */;
INSERT INTO `matapelajaran` (`id`, `nama`, `logo`) VALUES
	(1, 'Bahasa Indonesia', 'ec0d5-download.jpeg'),
	(2, 'Matematika', 'b462b-download-1-.jpeg'),
	(3, 'Sejarah', 'ea6ff-sejarah.png'),
	(4, 'Bahasa Inggris', 'd8dce-tuition_bahasa_inggeris_damansara_damai_1569398077_652d617d_progressive.jpg'),
	(5, 'PKN', 'b5dbe-pendidikan-kewarganegaraan.jpg'),
	(6, 'Agama', '646c5-unnamed.png'),
	(7, 'Ekonomi', '3e8f2-image001.jpg'),
	(8, 'Seni Budaya', 'c3422-contoh-soal-uas-seni-budaya-kelas-11-semester-1.png'),
	(9, 'Olahraga', '0bb40-1509726320_or.jpg');
/*!40000 ALTER TABLE `matapelajaran` ENABLE KEYS */;

-- Dumping structure for table jurnal_kelas.notifikasi
CREATE TABLE IF NOT EXISTS `notifikasi` (
  `id` int(11) NOT NULL AUTO_INCREMENT,
  `jenis` enum('JURNAL') DEFAULT NULL,
  PRIMARY KEY (`id`)
) ENGINE=InnoDB DEFAULT CHARSET=latin1;

-- Dumping data for table jurnal_kelas.notifikasi: ~0 rows (approximately)
DELETE FROM `notifikasi`;
/*!40000 ALTER TABLE `notifikasi` DISABLE KEYS */;
/*!40000 ALTER TABLE `notifikasi` ENABLE KEYS */;

-- Dumping structure for table jurnal_kelas.pegawai
CREATE TABLE IF NOT EXISTS `pegawai` (
  `id` int(11) NOT NULL AUTO_INCREMENT,
  `kode_pegawai` varchar(50) DEFAULT NULL,
  `jabatan` enum('GURU','KASI','KASEK') DEFAULT NULL,
  `nuptk` varchar(50) DEFAULT NULL,
  `password` varchar(255) DEFAULT NULL,
  `nama_lengkap` varchar(50) DEFAULT NULL,
  `jk` enum('L','P') DEFAULT NULL,
  `alamat` varchar(250) DEFAULT NULL,
  `email` varchar(50) DEFAULT NULL,
  `telp` varchar(50) DEFAULT NULL,
  `foto` varchar(50) DEFAULT NULL,
  `aktif` enum('YA','TIDAK') DEFAULT 'YA',
  `token_firebase` varchar(250) DEFAULT NULL,
  `token_login` varchar(50) DEFAULT NULL,
  PRIMARY KEY (`id`)
) ENGINE=InnoDB AUTO_INCREMENT=18 DEFAULT CHARSET=latin1;

-- Dumping data for table jurnal_kelas.pegawai: ~17 rows (approximately)
DELETE FROM `pegawai`;
/*!40000 ALTER TABLE `pegawai` DISABLE KEYS */;
INSERT INTO `pegawai` (`id`, `kode_pegawai`, `jabatan`, `nuptk`, `password`, `nama_lengkap`, `jk`, `alamat`, `email`, `telp`, `foto`, `aktif`, `token_firebase`, `token_login`) VALUES
	(1, NULL, 'GURU', '1234567891', '0f7e44a922df352c05c5f73cb40ba115', 'Supanji', NULL, NULL, NULL, NULL, NULL, 'YA', NULL, NULL),
	(2, NULL, 'GURU', '1234567892', 'd893377c9d852e09874125b10a0e4f66', 'Obby Istiyono', NULL, NULL, NULL, NULL, NULL, 'YA', NULL, NULL),
	(3, NULL, 'GURU', '1234567893', '43042f668f07adfd174cb1823d4795e1', 'Helmi Isrofi', NULL, NULL, NULL, NULL, NULL, 'YA', NULL, NULL),
	(4, NULL, 'GURU', '1234567894', 'f66f4446648ae7ae56419eca43bf2b8a', 'Erika Aprilia', NULL, NULL, NULL, NULL, NULL, 'YA', NULL, NULL),
	(5, NULL, 'GURU', '1234567895', '1665519df638f09d0610de6985fbdc33', 'Friska Haliza', NULL, NULL, NULL, NULL, NULL, 'YA', NULL, NULL),
	(6, NULL, 'GURU', '1234567896', '097fb8939254bedf1e6ceb4402199aaa', 'Nur Alvi N', NULL, NULL, NULL, NULL, NULL, 'YA', NULL, NULL),
	(7, NULL, 'GURU', '1234567897', '47c0f25e9790aa96712c4936c75f0b66', 'Nurhidayati', NULL, NULL, NULL, NULL, NULL, 'YA', NULL, NULL),
	(8, NULL, 'GURU', '1234567898', '8c10a02a0928511c460bd65e9ec59d0a', 'Anisa Rohim', NULL, NULL, NULL, NULL, NULL, 'YA', NULL, NULL),
	(9, NULL, 'GURU', '1234567899', 'fbe82b93c071bedda31afded400cca52', 'Nurhayatik', NULL, NULL, NULL, NULL, NULL, 'YA', NULL, NULL),
	(10, NULL, 'GURU', '12345678910', '432f45b44c432414d2f97df0e5743818', 'Rofi\'ah', NULL, NULL, NULL, NULL, NULL, 'YA', NULL, NULL),
	(11, NULL, 'GURU', '12345678911', '1e5ce73f4fc4c3b764fb66811f093c87', 'Umi Kulsum', NULL, NULL, NULL, NULL, NULL, 'YA', NULL, NULL),
	(12, NULL, 'GURU', '12345678912', 'faf5341a39919352a4f9bde4d6de5396', 'Suparman', NULL, NULL, NULL, NULL, NULL, 'YA', NULL, NULL),
	(13, NULL, 'GURU', '12345678913', 'ffd146c0038ec9921837d4f6c4319e39', 'Yeni Nurhayati', NULL, NULL, NULL, NULL, NULL, 'YA', NULL, NULL),
	(14, NULL, 'GURU', '12345678914', 'a04c22f826f52c544e70c9d474a93d62', 'Muhsin', NULL, NULL, NULL, NULL, NULL, 'YA', NULL, NULL),
	(15, NULL, 'GURU', '12345678915', '68ea923a6447135005eef66e8b347d52', 'Ahmad Suyuti', NULL, NULL, NULL, NULL, NULL, 'YA', NULL, NULL),
	(16, NULL, 'GURU', '12345678916', 'e038112fa199d5b2f5915ecf6307ea75', 'Tri Astutik', NULL, NULL, NULL, NULL, NULL, 'YA', NULL, NULL),
	(17, NULL, 'GURU', '12345678917', '8e9f01040774ee13cfe9daa5c0502f48', 'Hanafi', NULL, NULL, NULL, NULL, NULL, 'YA', NULL, NULL);
/*!40000 ALTER TABLE `pegawai` ENABLE KEYS */;

-- Dumping structure for table jurnal_kelas.settings
CREATE TABLE IF NOT EXISTS `settings` (
  `title` varchar(100) NOT NULL,
  `tipe` enum('small-text','big-text','image','map','options') DEFAULT 'small-text',
  `value` text,
  `note` varchar(150) DEFAULT NULL,
  PRIMARY KEY (`title`)
) ENGINE=InnoDB DEFAULT CHARSET=latin1;

-- Dumping data for table jurnal_kelas.settings: ~1 rows (approximately)
DELETE FROM `settings`;
/*!40000 ALTER TABLE `settings` DISABLE KEYS */;
INSERT INTO `settings` (`title`, `tipe`, `value`, `note`) VALUES
	('notif_max_time', 'small-text', '10', 'Waktu kosong maksimal sebelum notifikasi jam pelajaran kosong dikirimkan kepada guru piket');
/*!40000 ALTER TABLE `settings` ENABLE KEYS */;

-- Dumping structure for table jurnal_kelas.siswa
CREATE TABLE IF NOT EXISTS `siswa` (
  `id` int(11) NOT NULL AUTO_INCREMENT,
  `kelas_id` int(11) DEFAULT NULL,
  `petugas_jurnal` enum('YA','TIDAK') DEFAULT 'TIDAK',
  `nisn` varchar(50) DEFAULT NULL,
  `password` varchar(255) DEFAULT NULL,
  `nama_lengkap` varchar(50) DEFAULT NULL,
  `jk` enum('L','P') DEFAULT NULL,
  `email` varchar(50) DEFAULT NULL,
  `telp` varchar(50) DEFAULT NULL,
  `alamat` varchar(250) DEFAULT NULL,
  `foto` varchar(50) DEFAULT NULL,
  `aktif` enum('YA','TIDAK') DEFAULT 'YA',
  `token_firebase` varchar(250) DEFAULT NULL,
  `token_login` varchar(50) DEFAULT NULL,
  PRIMARY KEY (`id`),
  UNIQUE KEY `nisn` (`nisn`)
) ENGINE=InnoDB AUTO_INCREMENT=2 DEFAULT CHARSET=latin1 COMMENT='operator sekolah masukin siswa => sekolah_id\r\ntrus pegawai (guru kelas) masukin siswa ke kelas => set kelas_id';

-- Dumping data for table jurnal_kelas.siswa: ~1 rows (approximately)
DELETE FROM `siswa`;
/*!40000 ALTER TABLE `siswa` DISABLE KEYS */;
INSERT INTO `siswa` (`id`, `kelas_id`, `petugas_jurnal`, `nisn`, `password`, `nama_lengkap`, `jk`, `email`, `telp`, `alamat`, `foto`, `aktif`, `token_firebase`, `token_login`) VALUES
	(1, 1, 'YA', '124558745', 'b0d0a43e31ed93753e801c65d859a7e5', 'Budi', 'L', 'budi@gmail.com', NULL, NULL, NULL, 'YA', NULL, NULL);
/*!40000 ALTER TABLE `siswa` ENABLE KEYS */;

-- Dumping structure for table jurnal_kelas.user
CREATE TABLE IF NOT EXISTS `user` (
  `id` int(11) NOT NULL AUTO_INCREMENT,
  `username` varchar(50) DEFAULT NULL,
  `password` varchar(255) DEFAULT NULL,
  `nama_lengkap` varchar(50) DEFAULT NULL,
  `email` varchar(50) DEFAULT NULL,
  `telp` varchar(50) DEFAULT NULL,
  `foto` varchar(50) DEFAULT NULL,
  `level` enum('ADMIN','KURIKULUM') DEFAULT NULL,
  `tgl_update` datetime DEFAULT NULL,
  `terakhir_login` datetime DEFAULT NULL,
  `token_firebase` varchar(250) DEFAULT NULL,
  `token_login` varchar(50) DEFAULT NULL,
  PRIMARY KEY (`id`),
  UNIQUE KEY `email` (`email`),
  UNIQUE KEY `username` (`username`)
) ENGINE=InnoDB AUTO_INCREMENT=3 DEFAULT CHARSET=latin1;

-- Dumping data for table jurnal_kelas.user: ~2 rows (approximately)
DELETE FROM `user`;
/*!40000 ALTER TABLE `user` DISABLE KEYS */;
INSERT INTO `user` (`id`, `username`, `password`, `nama_lengkap`, `email`, `telp`, `foto`, `level`, `tgl_update`, `terakhir_login`, `token_firebase`, `token_login`) VALUES
	(1, 'admin', '21232f297a57a5a743894a0e4a801fc3', 'admin', 'admin@gmail.com', NULL, NULL, 'ADMIN', '2020-04-01 22:45:30', '2020-04-01 22:45:32', NULL, NULL),
	(2, 'kurikulum', '4e7f2477836fa0c289105740fee0ebb1', 'kurikulum', 'kurikulum@gmail.com', NULL, NULL, 'KURIKULUM', '2020-04-01 22:46:28', '2020-04-01 22:46:29', NULL, NULL);
/*!40000 ALTER TABLE `user` ENABLE KEYS */;

/*!40101 SET SQL_MODE=IFNULL(@OLD_SQL_MODE, '') */;
/*!40014 SET FOREIGN_KEY_CHECKS=IF(@OLD_FOREIGN_KEY_CHECKS IS NULL, 1, @OLD_FOREIGN_KEY_CHECKS) */;
/*!40101 SET CHARACTER_SET_CLIENT=@OLD_CHARACTER_SET_CLIENT */;
